Workbook

Sheet Como Usar
B2: Agendador de Revisões
B3: Monte seu calendário de estudos com revisões espaçadas automáticas — visões Mês, Semana e Tabela, como no calendário do app.
B6: COMO USAR — 4 PASSOS
C7: 1. Temas | D7: Para cada aula, digite o Tema, a Grande Área e a Data da aula (células amarelas). As datas da aula e das 5 revisões aparecem sozinhas.
C8: 2. Avulsos | D8: Lance simulados, blocos de questões e compromissos com data fixa (ex.: simulado UFCSPA 2026).
C9: 3. Calendário | D9: Escolha Mês e Ano no topo. Cada dia mostra até 6 itens com a cor da categoria; se houver mais, aparece “+N mais” (veja tudo em Semana ou Tabela). O dia de hoje fica destacado em verde.
C10: 4. Marcar feito | D10: Ao concluir uma etapa, escolha ✓ (ou digite x) na coluna Feito daquela etapa em Temas/Avulsos. No calendário o item fica riscado com ✓.
B12: PERSONALIZAR (aba Config)
C13: Intervalos | D13: Padrão: aula (0) e revisões com 1, 7, 15, 30 e 60 dias. Mude os números e o calendário inteiro se reorganiza.
C14: Categoria da etapa | D14: Define a cor no calendário: Teórica, Revisão, Prática (questões), Simulado ou Outro.
C15: Ativa? | D15: “Não” desliga a etapa — ela some do calendário, da tabela e do painel.
C16: Dia de descanso | D16: Revisões que cairiam nesse dia da semana vão para o dia seguinte.
C17: Mostrar sigla | D17: Exibe T, R1…R5 antes do nome do tema (ajuda a distinguir as revisões).
C18: Grandes áreas | D18: Edite a lista (até 8). Ela alimenta a lista suspensa e o Painel.
B20: REMARCAR UMA REVISÃO
C21: Data manual | D21: Na aba Temas, digite a nova data por cima da data calculada. Para voltar ao automático, copie a mesma coluna de outra linha (Ctrl+C / Ctrl+V).
B23: LEGENDA DE CORES
C24: Teórica | D24: Aula teórica (1º contato com o tema)
C25: Revisão | D25: Revisão de resumo / flashcards
C26: Prática | D26: Bloco de questões do tema
C27: Simulado | D27: Prova / simulado
C28: Outro | D28: Qualquer outro compromisso
C29: ✓ T · Cardiopediatria | D29: Riscado com ✓ = etapa concluída
C30: Célula amarela | D30: Você preenche. Células brancas são calculadas — não digite nelas (exceto para remarcar uma data).
B32: ABAS
C33: Calendário | D33: Visão do mês (como “Mês” no app). Links no topo levam às outras visões.
C34: Semana | D34: Visão semanal com até 15 itens por dia.
C35: Tabela | D35: Todos os eventos em ordem de data, com filtros (como “Tabela” no app).
C36: Painel | D36: % concluído, atrasadas, o que fazer hoje e a carga dos próximos 14 dias.
C37: Temas / Avulsos | D37: Onde você digita.
C38: Config | D38: Intervalos, categorias, áreas e preferências.
C39: Base | D39: Motor de cálculo. Não edite nem ordene.
B41: LIMITES E CUIDADOS
C42: Capacidade | D42: 300 temas e 200 eventos avulsos.
C43: Estrutura | D43: Não insira nem exclua colunas. Para tirar um tema, apague o conteúdo da linha (Tema, Área, Data e os ✓).
C44: Ordenar | D44: Para ver em outra ordem, use os filtros da aba Tabela — não ordene a aba Base.
B46: DADOS DE EXEMPLO
C47: Este arquivo | D47: Já vem com as aulas teóricas que aparecem no print (27/09 a 27/10/2026) e o simulado UFCSPA 2026, para você ver o calendário funcionando. Para começar do zero, use Agendador_de_Revisoes_em_branco.xlsx.
C48: Itens do print | D48: Os itens azuis do print que vêm de aulas anteriores a setembro: cadastre o tema com a data da aula original e as revisões entram sozinhas.

Sheet Temas
A1: Temas — cronograma de aulas
A2: Preencha as colunas amarelas: Tema, Grande Área e Data da aula. As datas das revisões são calculadas pela aba Config. Ao concluir, escolha ✓ (ou digite x) na coluna Feito da etapa.
A3: Para remarcar uma revisão, digite a nova data por cima da data calculada.
E4: =Config!$C$6&" · +"&Config!$F$6&"d" -> Aula teórica · +0d | G4: =Config!$C$7&" · +"&Config!$F$7&"d" -> 1ª Revisão · +1d | I4: =Config!$C$8&" · +"&Config!$F$8&"d" -> 2ª Revisão · +7d | K4: =Config!$C$9&" · +"&Config!$F$9&"d" -> 3ª Revisão · +15d | M4: =Config!$C$10&" · +"&Config!$F$10&"d" -> 4ª Revisão · +30d | O4: =Config!$C$11&" · +"&Config!$F$11&"d" -> 5ª Revisão · +60d
A5: Nº | B5: Tema | C5: Grande Área | D5: Data da aula | E5: Data | F5: Feito | G5: Data | H5: Feito | I5: Data | J5: Feito | K5: Data | L5: Feito | M5: Data | N5: Feito | O5: Data | P5: Feito | Q5: Progresso | R5: Próxima etapa | S5: Situação | T5: aux
A6: 1 | B6: Cardiopediatria | C6: Pediatria | D6: 46292 | E6: =IF(OR(NOT(ISNUMBER($D6)),Config!$G$6<>"Sim"),"",$D6+Config!$F$6+IF(AND(Config!$F$6>0,WEEKDAY($D6+Config!$F$6)=Config!$E$24),1,0)) -> 46292 | F6: ✓ | G6: =IF(OR(NOT(ISNUMBER($D6)),Config!$G$7<>"Sim"),"",$D6+Config!$F$7+IF(AND(Config!$F$7>0,WEEKDAY($D6+Config!$F$7)=Config!$E$24),1,0)) -> 46293 | H6: ✓ | I6: =IF(OR(NOT(ISNUMBER($D6)),Config!$G$8<>"Sim"),"",$D6+Config!$F$8+IF(AND(Config!$F$8>0,WEEKDAY($D6+Config!$F$8)=Config!$E$24),1,0)) -> 46299 | K6: =IF(OR(NOT(ISNUMBER($D6)),Config!$G$9<>"Sim"),"",$D6+Config!$F$9+IF(AND(Config!$F$9>0,WEEKDAY($D6+Config!$F$9)=Config!$E$24),1,0)) -> 46307 | M6: =IF(OR(NOT(ISNUMBER($D6)),Config!$G$10<>"Sim"),"",$D6+Config!$F$10+IF(AND(Config!$F$10>0,WEEKDAY($D6+Config!$F$10)=Config!$E$24),1,0)) -> 46322 | O6: =IF(OR(NOT(ISNUMBER($D6)),Config!$G$11<>"Sim"),"",$D6+Config!$F$11+IF(AND(Config!$F$11>0,WEEKDAY($D6+Config!$F$11)=Config!$E$24),1,0)) -> 46352 | Q6: =IF(COUNT(E6,G6,I6,K6,M6,O6)=0,"",((E6<>"")*(F6<>"")+(G6<>"")*(H6<>"")+(I6<>"")*(J6<>"")+(K6<>"")*(L6<>"")+(M6<>"")*(N6<>"")+(O6<>"")*(P6<>""))/COUNT(E6,G6,I6,K6,M6,O6)) -> 0.33333333 | R6: =IF(T6="","",IF(T6=99999,"",T6)) -> 46299 | S6: =IF(T6="","",IF(T6=99999,"Concluído",IF(T6<TODAY(),"Atrasado",IF(T6=TODAY(),"Hoje","Em dia")))) -> Atrasado | T6: =IF(COUNT(E6,G6,I6,K6,M6,O6)=0,"",MIN(IF(AND(E6<>"",F6=""),E6,99999),IF(AND(G6<>"",H6=""),G6,99999),IF(AND(I6<>"",J6=""),I6,99999),IF(AND(K6<>"",L6=""),K6,99999),IF(AND(M6<>"",N6=""),M6,99999),IF(AND(O6<>"",P6=""),O6,99999))) -> 46299
A7: 2 | B7: Nefrologia Pediátrica / ITU | C7: Pediatria | D7: 46292 | E7: =IF(OR(NOT(ISNUMBER($D7)),Config!$G$6<>"Sim"),"",$D7+Config!$F$6+IF(AND(Config!$F$6>0,WEEKDAY($D7+Config!$F$6)=Config!$E$24),1,0)) -> 46292 | F7: ✓ | G7: =IF(OR(NOT(ISNUMBER($D7)),Config!$G$7<>"Sim"),"",$D7+Config!$F$7+IF(AND(Config!$F$7>0,WEEKDAY($D7+Config!$F$7)=Config!$E$24),1,0)) -> 46293 | H7: ✓ | I7: =IF(OR(NOT(ISNUMBER($D7)),Config!$G$8<>"Sim"),"",$D7+Config!$F$8+IF(AND(Config!$F$8>0,WEEKDAY($D7+Config!$F$8)=Config!$E$24),1,0)) -> 46299 | K7: =IF(OR(NOT(ISNUMBER($D7)),Config!$G$9<>"Sim"),"",$D7+Config!$F$9+IF(AND(Config!$F$9>0,WEEKDAY($D7+Config!$F$9)=Config!$E$24),1,0)) -> 46307 | M7: =IF(OR(NOT(ISNUMBER($D7)),Config!$G$10<>"Sim"),"",$D7+Config!$F$10+IF(AND(Config!$F$10>0,WEEKDAY($D7+Config!$F$10)=Config!$E$24),1,0)) -> 46322 | O7: =IF(OR(NOT(ISNUMBER($D7)),Config!$G$11<>"Sim"),"",$D7+Config!$F$11+IF(AND(Config!$F$11>0,WEEKDAY($D7+Config!$F$11)=Config!$E$24),1,0)) -> 46352 | Q7: =IF(COUNT(E7,G7,I7,K7,M7,O7)=0,"",((E7<>"")*(F7<>"")+(G7<>"")*(H7<>"")+(I7<>"")*(J7<>"")+(K7<>"")*(L7<>"")+(M7<>"")*(N7<>"")+(O7<>"")*(P7<>""))/COUNT(E7,G7,I7,K7,M7,O7)) -> 0.33333333 | R7: =IF(T7="","",IF(T7=99999,"",T7)) -> 46299 | S7: =IF(T7="","",IF(T7=99999,"Concluído",IF(T7<TODAY(),"Atrasado",IF(T7=TODAY(),"Hoje","Em dia")))) -> Atrasado | T7: =IF(COUNT(E7,G7,I7,K7,M7,O7)=0,"",MIN(IF(AND(E7<>"",F7=""),E7,99999),IF(AND(G7<>"",H7=""),G7,99999),IF(AND(I7<>"",J7=""),I7,99999),IF(AND(K7<>"",L7=""),K7,99999),IF(AND(M7<>"",N7=""),M7,99999),IF(AND(O7<>"",P7=""),O7,99999))) -> 46299
A8: 3 | B8: Asma e DPOC | C8: Clínica Médica | D8: 46292 | E8: =IF(OR(NOT(ISNUMBER($D8)),Config!$G$6<>"Sim"),"",$D8+Config!$F$6+IF(AND(Config!$F$6>0,WEEKDAY($D8+Config!$F$6)=Config!$E$24),1,0)) -> 46292 | F8: ✓ | G8: =IF(OR(NOT(ISNUMBER($D8)),Config!$G$7<>"Sim"),"",$D8+Config!$F$7+IF(AND(Config!$F$7>0,WEEKDAY($D8+Config!$F$7)=Config!$E$24),1,0)) -> 46293 | H8: ✓ | I8: =IF(OR(NOT(ISNUMBER($D8)),Config!$G$8<>"Sim"),"",$D8+Config!$F$8+IF(AND(Config!$F$8>0,WEEKDAY($D8+Config!$F$8)=Config!$E$24),1,0)) -> 46299 | K8: =IF(OR(NOT(ISNUMBER($D8)),Config!$G$9<>"Sim"),"",$D8+Config!$F$9+IF(AND(Config!$F$9>0,WEEKDAY($D8+Config!$F$9)=Config!$E$24),1,0)) -> 46307 | M8: =IF(OR(NOT(ISNUMBER($D8)),Config!$G$10<>"Sim"),"",$D8+Config!$F$10+IF(AND(Config!$F$10>0,WEEKDAY($D8+Config!$F$10)=Config!$E$24),1,0)) -> 46322 | O8: =IF(OR(NOT(ISNUMBER($D8)),Config!$G$11<>"Sim"),"",$D8+Config!$F$11+IF(AND(Config!$F$11>0,WEEKDAY($D8+Config!$F$11)=Config!$E$24),1,0)) -> 46352 | Q8: =IF(COUNT(E8,G8,I8,K8,M8,O8)=0,"",((E8<>"")*(F8<>"")+(G8<>"")*(H8<>"")+(I8<>"")*(J8<>"")+(K8<>"")*(L8<>"")+(M8<>"")*(N8<>"")+(O8<>"")*(P8<>""))/COUNT(E8,G8,I8,K8,M8,O8)) -> 0.33333333 | R8: =IF(T8="","",IF(T8=99999,"",T8)) -> 46299 | S8: =IF(T8="","",IF(T8=99999,"Concluído",IF(T8<TODAY(),"Atrasado",IF(T8=TODAY(),"Hoje","Em dia")))) -> Atrasado | T8: =IF(COUNT(E8,G8,I8,K8,M8,O8)=0,"",MIN(IF(AND(E8<>"",F8=""),E8,99999),IF(AND(G8<>"",H8=""),G8,99999),IF(AND(I8<>"",J8=""),I8,99999),IF(AND(K8<>"",L8=""),K8,99999),IF(AND(M8<>"",N8=""),M8,99999),IF(AND(O8<>"",P8=""),O8,99999))) -> 46299
A9: 4 | B9: Doenças da Tireoide | C9: Clínica Médica | D9: 46293 | E9: =IF(OR(NOT(ISNUMBER($D9)),Config!$G$6<>"Sim"),"",$D9+Config!$F$6+IF(AND(Config!$F$6>0,WEEKDAY($D9+Config!$F$6)=Config!$E$24),1,0)) -> 46293 | F9: ✓ | G9: =IF(OR(NOT(ISNUMBER($D9)),Config!$G$7<>"Sim"),"",$D9+Config!$F$7+IF(AND(Config!$F$7>0,WEEKDAY($D9+Config!$F$7)=Config!$E$24),1,0)) -> 46294 | H9: ✓ | I9: =IF(OR(NOT(ISNUMBER($D9)),Config!$G$8<>"Sim"),"",$D9+Config!$F$8+IF(AND(Config!$F$8>0,WEEKDAY($D9+Config!$F$8)=Config!$E$24),1,0)) -> 46300 | K9: =IF(OR(NOT(ISNUMBER($D9)),Config!$G$9<>"Sim"),"",$D9+Config!$F$9+IF(AND(Config!$F$9>0,WEEKDAY($D9+Config!$F$9)=Config!$E$24),1,0)) -> 46308 | M9: =IF(OR(NOT(ISNUMBER($D9)),Config!$G$10<>"Sim"),"",$D9+Config!$F$10+IF(AND(Config!$F$10>0,WEEKDAY($D9+Config!$F$10)=Config!$E$24),1,0)) -> 46323 | O9: =IF(OR(NOT(ISNUMBER($D9)),Config!$G$11<>"Sim"),"",$D9+Config!$F$11+IF(AND(Config!$F$11>0,WEEKDAY($D9+Config!$F$11)=Config!$E$24),1,0)) -> 46353 | Q9: =IF(COUNT(E9,G9,I9,K9,M9,O9)=0,"",((E9<>"")*(F9<>"")+(G9<>"")*(H9<>"")+(I9<>"")*(J9<>"")+(K9<>"")*(L9<>"")+(M9<>"")*(N9<>"")+(O9<>"")*(P9<>""))/COUNT(E9,G9,I9,K9,M9,O9)) -> 0.33333333 | R9: =IF(T9="","",IF(T9=99999,"",T9)) -> 46300 | S9: =IF(T9="","",IF(T9=99999,"Concluído",IF(T9<TODAY(),"Atrasado",IF(T9=TODAY(),"Hoje","Em dia")))) -> Atrasado | T9: =IF(COUNT(E9,G9,I9,K9,M9,O9)=0,"",MIN(IF(AND(E9<>"",F9=""),E9,99999),IF(AND(G9<>"",H9=""),G9,99999),IF(AND(I9<>"",J9=""),I9,99999),IF(AND(K9<>"",L9=""),K9,99999),IF(AND(M9<>"",N9=""),M9,99999),IF(AND(O9<>"",P9=""),O9,99999))) -> 46300
A10: 5 | B10: Valvopatias | C10: Clínica Médica | D10: 46293 | E10: =IF(OR(NOT(ISNUMBER($D10)),Config!$G$6<>"Sim"),"",$D10+Config!$F$6+IF(AND(Config!$F$6>0,WEEKDAY($D10+Config!$F$6)=Config!$E$24),1,0)) -> 46293 | G10: =IF(OR(NOT(ISNUMBER($D10)),Config!$G$7<>"Sim"),"",$D10+Config!$F$7+IF(AND(Config!$F$7>0,WEEKDAY($D10+Config!$F$7)=Config!$E$24),1,0)) -> 46294 | I10: =IF(OR(NOT(ISNUMBER($D10)),Config!$G$8<>"Sim"),"",$D10+Config!$F$8+IF(AND(Config!$F$8>0,WEEKDAY($D10+Config!$F$8)=Config!$E$24),1,0)) -> 46300 | K10: =IF(OR(NOT(ISNUMBER($D10)),Config!$G$9<>"Sim"),"",$D10+Config!$F$9+IF(AND(Config!$F$9>0,WEEKDAY($D10+Config!$F$9)=Config!$E$24),1,0)) -> 46308 | M10: =IF(OR(NOT(ISNUMBER($D10)),Config!$G$10<>"Sim"),"",$D10+Config!$F$10+IF(AND(Config!$F$10>0,WEEKDAY($D10+Config!$F$10)=Config!$E$24),1,0)) -> 46323 | O10: =IF(OR(NOT(ISNUMBER($D10)),Config!$G$11<>"Sim"),"",$D10+Config!$F$11+IF(AND(Config!$F$11>0,WEEKDAY($D10+Config!$F$11)=Config!$E$24),1,0)) -> 46353 | Q10: =IF(COUNT(E10,G10,I10,K10,M10,O10)=0,"",((E10<>"")*(F10<>"")+(G10<>"")*(H10<>"")+(I10<>"")*(J10<>"")+(K10<>"")*(L10<>"")+(M10<>"")*(N10<>"")+(O10<>"")*(P10<>""))/COUNT(E10,G10,I10,K10,M10,O10)) -> 0 | R10: =IF(T10="","",IF(T10=99999,"",T10)) -> 46293 | S10: =IF(T10="","",IF(T10=99999,"Concluído",IF(T10<TODAY(),"Atrasado",IF(T10=TODAY(),"Hoje","Em dia")))) -> Atrasado | T10: =IF(COUNT(E10,G10,I10,K10,M10,O10)=0,"",MIN(IF(AND(E10<>"",F10=""),E10,99999),IF(AND(G10<>"",H10=""),G10,99999),IF(AND(I10<>"",J10=""),I10,99999),IF(AND(K10<>"",L10=""),K10,99999),IF(AND(M10<>"",N10=""),M10,99999),IF(AND(O10<>"",P10=""),O10,99999))) -> 46293
A11: 6 | B11: Demência e Parkinson | C11: Clínica Médica | D11: 46293 | E11: =IF(OR(NOT(ISNUMBER($D11)),Config!$G$6<>"Sim"),"",$D11+Config!$F$6+IF(AND(Config!$F$6>0,WEEKDAY($D11+Config!$F$6)=Config!$E$24),1,0)) -> 46293 | G11: =IF(OR(NOT(ISNUMBER($D11)),Config!$G$7<>"Sim"),"",$D11+Config!$F$7+IF(AND(Config!$F$7>0,WEEKDAY($D11+Config!$F$7)=Config!$E$24),1,0)) -> 46294 | I11: =IF(OR(NOT(ISNUMBER($D11)),Config!$G$8<>"Sim"),"",$D11+Config!$F$8+IF(AND(Config!$F$8>0,WEEKDAY($D11+Config!$F$8)=Config!$E$24),1,0)) -> 46300 | K11: =IF(OR(NOT(ISNUMBER($D11)),Config!$G$9<>"Sim"),"",$D11+Config!$F$9+IF(AND(Config!$F$9>0,WEEKDAY($D11+Config!$F$9)=Config!$E$24),1,0)) -> 46308 | M11: =IF(OR(NOT(ISNUMBER($D11)),Config!$G$10<>"Sim"),"",$D11+Config!$F$10+IF(AND(Config!$F$10>0,WEEKDAY($D11+Config!$F$10)=Config!$E$24),1,0)) -> 46323 | O11: =IF(OR(NOT(ISNUMBER($D11)),Config!$G$11<>"Sim"),"",$D11+Config!$F$11+IF(AND(Config!$F$11>0,WEEKDAY($D11+Config!$F$11)=Config!$E$24),1,0)) -> 46353 | Q11: =IF(COUNT(E11,G11,I11,K11,M11,O11)=0,"",((E11<>"")*(F11<>"")+(G11<>"")*(H11<>"")+(I11<>"")*(J11<>"")+(K11<>"")*(L11<>"")+(M11<>"")*(N11<>"")+(O11<>"")*(P11<>""))/COUNT(E11,G11,I11,K11,M11,O11)) -> 0 | R11: =IF(T11="","",IF(T11=99999,"",T11)) -> 46293 | S11: =IF(T11="","",IF(T11=99999,"Concluído",IF(T11<TODAY(),"Atrasado",IF(T11=TODAY(),"Hoje","Em dia")))) -> Atrasado | T11: =IF(COUNT(E11,G11,I11,K11,M11,O11)=0,"",MIN(IF(AND(E11<>"",F11=""),E11,99999),IF(AND(G11<>"",H11=""),G11,99999),IF(AND(I11<>"",J11=""),I11,99999),IF(AND(K11<>"",L11=""),K11,99999),IF(AND(M11<>"",N11=""),M11,99999),IF(AND(O11<>"",P11=""),O11,99999))) -> 46293
A12: 7 | B12: ATB | C12: Clínica Médica | D12: 46297 | E12: =IF(OR(NOT(ISNUMBER($D12)),Config!$G$6<>"Sim"),"",$D12+Config!$F$6+IF(AND(Config!$F$6>0,WEEKDAY($D12+Config!$F$6)=Config!$E$24),1,0)) -> 46297 | F12: ✓ | G12: =IF(OR(NOT(ISNUMBER($D12)),Config!$G$7<>"Sim"),"",$D12+Config!$F$7+IF(AND(Config!$F$7>0,WEEKDAY($D12+Config!$F$7)=Config!$E$24),1,0)) -> 46298 | I12: =IF(OR(NOT(ISNUMBER($D12)),Config!$G$8<>"Sim"),"",$D12+Config!$F$8+IF(AND(Config!$F$8>0,WEEKDAY($D12+Config!$F$8)=Config!$E$24),1,0)) -> 46304 | K12: =IF(OR(NOT(ISNUMBER($D12)),Config!$G$9<>"Sim"),"",$D12+Config!$F$9+IF(AND(Config!$F$9>0,WEEKDAY($D12+Config!$F$9)=Config!$E$24),1,0)) -> 46312 | M12: =IF(OR(NOT(ISNUMBER($D12)),Config!$G$10<>"Sim"),"",$D12+Config!$F$10+IF(AND(Config!$F$10>0,WEEKDAY($D12+Config!$F$10)=Config!$E$24),1,0)) -> 46327 | O12: =IF(OR(NOT(ISNUMBER($D12)),Config!$G$11<>"Sim"),"",$D12+Config!$F$11+IF(AND(Config!$F$11>0,WEEKDAY($D12+Config!$F$11)=Config!$E$24),1,0)) -> 46357 | Q12: =IF(COUNT(E12,G12,I12,K12,M12,O12)=0,"",((E12<>"")*(F12<>"")+(G12<>"")*(H12<>"")+(I12<>"")*(J12<>"")+(K12<>"")*(L12<>"")+(M12<>"")*(N12<>"")+(O12<>"")*(P12<>""))/COUNT(E12,G12,I12,K12,M12,O12)) -> 0.16666667 | R12: =IF(T12="","",IF(T12=99999,"",T12)) -> 46298 | S12: =IF(T12="","",IF(T12=99999,"Concluído",IF(T12<TODAY(),"Atrasado",IF(T12=TODAY(),"Hoje","Em dia")))) -> Atrasado | T12: =IF(COUNT(E12,G12,I12,K12,M12,O12)=0,"",MIN(IF(AND(E12<>"",F12=""),E12,99999),IF(AND(G12<>"",H12=""),G12,99999),IF(AND(I12<>"",J12=""),I12,99999),IF(AND(K12<>"",L12=""),K12,99999),IF(AND(M12<>"",N12=""),M12,99999),IF(AND(O12<>"",P12=""),O12,99999))) -> 46298
A13: 8 | B13: Transtornos Psiquiátricos I | C13: Clínica Médica | D13: 46300 | E13: =IF(OR(NOT(ISNUMBER($D13)),Config!$G$6<>"Sim"),"",$D13+Config!$F$6+IF(AND(Config!$F$6>0,WEEKDAY($D13+Config!$F$6)=Config!$E$24),1,0)) -> 46300 | G13: =IF(OR(NOT(ISNUMBER($D13)),Config!$G$7<>"Sim"),"",$D13+Config!$F$7+IF(AND(Config!$F$7>0,WEEKDAY($D13+Config!$F$7)=Config!$E$24),1,0)) -> 46301 | I13: =IF(OR(NOT(ISNUMBER($D13)),Config!$G$8<>"Sim"),"",$D13+Config!$F$8+IF(AND(Config!$F$8>0,WEEKDAY($D13+Config!$F$8)=Config!$E$24),1,0)) -> 46307 | K13: =IF(OR(NOT(ISNUMBER($D13)),Config!$G$9<>"Sim"),"",$D13+Config!$F$9+IF(AND(Config!$F$9>0,WEEKDAY($D13+Config!$F$9)=Config!$E$24),1,0)) -> 46315 | M13: =IF(OR(NOT(ISNUMBER($D13)),Config!$G$10<>"Sim"),"",$D13+Config!$F$10+IF(AND(Config!$F$10>0,WEEKDAY($D13+Config!$F$10)=Config!$E$24),1,0)) -> 46330 | O13: =IF(OR(NOT(ISNUMBER($D13)),Config!$G$11<>"Sim"),"",$D13+Config!$F$11+IF(AND(Config!$F$11>0,WEEKDAY($D13+Config!$F$11)=Config!$E$24),1,0)) -> 46360 | Q13: =IF(COUNT(E13,G13,I13,K13,M13,O13)=0,"",((E13<>"")*(F13<>"")+(G13<>"")*(H13<>"")+(I13<>"")*(J13<>"")+(K13<>"")*(L13<>"")+(M13<>"")*(N13<>"")+(O13<>"")*(P13<>""))/COUNT(E13,G13,I13,K13,M13,O13)) -> 0 | R13: =IF(T13="","",IF(T13=99999,"",T13)) -> 46300 | S13: =IF(T13="","",IF(T13=99999,"Concluído",IF(T13<TODAY(),"Atrasado",IF(T13=TODAY(),"Hoje","Em dia")))) -> Atrasado | T13: =IF(COUNT(E13,G13,I13,K13,M13,O13)=0,"",MIN(IF(AND(E13<>"",F13=""),E13,99999),IF(AND(G13<>"",H13=""),G13,99999),IF(AND(I13<>"",J13=""),I13,99999),IF(AND(K13<>"",L13=""),K13,99999),IF(AND(M13<>"",N13=""),M13,99999),IF(AND(O13<>"",P13=""),O13,99999))) -> 46300
A14: 9 | B14: Síndromes Febris — Dengue | C14: Clínica Médica | D14: 46303 | E14: =IF(OR(NOT(ISNUMBER($D14)),Config!$G$6<>"Sim"),"",$D14+Config!$F$6+IF(AND(Config!$F$6>0,WEEKDAY($D14+Config!$F$6)=Config!$E$24),1,0)) -> 46303 | F14: ✓ | G14: =IF(OR(NOT(ISNUMBER($D14)),Config!$G$7<>"Sim"),"",$D14+Config!$F$7+IF(AND(Config!$F$7>0,WEEKDAY($D14+Config!$F$7)=Config!$E$24),1,0)) -> 46304 | I14: =IF(OR(NOT(ISNUMBER($D14)),Config!$G$8<>"Sim"),"",$D14+Config!$F$8+IF(AND(Config!$F$8>0,WEEKDAY($D14+Config!$F$8)=Config!$E$24),1,0)) -> 46310 | K14: =IF(OR(NOT(ISNUMBER($D14)),Config!$G$9<>"Sim"),"",$D14+Config!$F$9+IF(AND(Config!$F$9>0,WEEKDAY($D14+Config!$F$9)=Config!$E$24),1,0)) -> 46318 | M14: =IF(OR(NOT(ISNUMBER($D14)),Config!$G$10<>"Sim"),"",$D14+Config!$F$10+IF(AND(Config!$F$10>0,WEEKDAY($D14+Config!$F$10)=Config!$E$24),1,0)) -> 46333 | O14: =IF(OR(NOT(ISNUMBER($D14)),Config!$G$11<>"Sim"),"",$D14+Config!$F$11+IF(AND(Config!$F$11>0,WEEKDAY($D14+Config!$F$11)=Config!$E$24),1,0)) -> 46363 | Q14: =IF(COUNT(E14,G14,I14,K14,M14,O14)=0,"",((E14<>"")*(F14<>"")+(G14<>"")*(H14<>"")+(I14<>"")*(J14<>"")+(K14<>"")*(L14<>"")+(M14<>"")*(N14<>"")+(O14<>"")*(P14<>""))/COUNT(E14,G14,I14,K14,M14,O14)) -> 0.16666667 | R14: =IF(T14="","",IF(T14=99999,"",T14)) -> 46304 | S14: =IF(T14="","",IF(T14=99999,"Concluído",IF(T14<TODAY(),"Atrasado",IF(T14=TODAY(),"Hoje","Em dia")))) -> Em dia | T14: =IF(COUNT(E14,G14,I14,K14,M14,O14)=0,"",MIN(IF(AND(E14<>"",F14=""),E14,99999),IF(AND(G14<>"",H14=""),G14,99999),IF(AND(I14<>"",J14=""),I14,99999),IF(AND(K14<>"",L14=""),K14,99999),IF(AND(M14<>"",N14=""),M14,99999),IF(AND(O14<>"",P14=""),O14,99999))) -> 46304
A15: 10 | B15: Endocardite Infecciosa / Meningites | C15: Clínica Médica | D15: 46306 | E15: =IF(OR(NOT(ISNUMBER($D15)),Config!$G$6<>"Sim"),"",$D15+Config!$F$6+IF(AND(Config!$F$6>0,WEEKDAY($D15+Config!$F$6)=Config!$E$24),1,0)) -> 46306 | G15: =IF(OR(NOT(ISNUMBER($D15)),Config!$G$7<>"Sim"),"",$D15+Config!$F$7+IF(AND(Config!$F$7>0,WEEKDAY($D15+Config!$F$7)=Config!$E$24),1,0)) -> 46307 | I15: =IF(OR(NOT(ISNUMBER($D15)),Config!$G$8<>"Sim"),"",$D15+Config!$F$8+IF(AND(Config!$F$8>0,WEEKDAY($D15+Config!$F$8)=Config!$E$24),1,0)) -> 46313 | K15: =IF(OR(NOT(ISNUMBER($D15)),Config!$G$9<>"Sim"),"",$D15+Config!$F$9+IF(AND(Config!$F$9>0,WEEKDAY($D15+Config!$F$9)=Config!$E$24),1,0)) -> 46321 | M15: =IF(OR(NOT(ISNUMBER($D15)),Config!$G$10<>"Sim"),"",$D15+Config!$F$10+IF(AND(Config!$F$10>0,WEEKDAY($D15+Config!$F$10)=Config!$E$24),1,0)) -> 46336 | O15: =IF(OR(NOT(ISNUMBER($D15)),Config!$G$11<>"Sim"),"",$D15+Config!$F$11+IF(AND(Config!$F$11>0,WEEKDAY($D15+Config!$F$11)=Config!$E$24),1,0)) -> 46366 | Q15: =IF(COUNT(E15,G15,I15,K15,M15,O15)=0,"",((E15<>"")*(F15<>"")+(G15<>"")*(H15<>"")+(I15<>"")*(J15<>"")+(K15<>"")*(L15<>"")+(M15<>"")*(N15<>"")+(O15<>"")*(P15<>""))/COUNT(E15,G15,I15,K15,M15,O15)) -> 0 | R15: =IF(T15="","",IF(T15=99999,"",T15)) -> 46306 | S15: =IF(T15="","",IF(T15=99999,"Concluído",IF(T15<TODAY(),"Atrasado",IF(T15=TODAY(),"Hoje","Em dia")))) -> Em dia | T15: =IF(COUNT(E15,G15,I15,K15,M15,O15)=0,"",MIN(IF(AND(E15<>"",F15=""),E15,99999),IF(AND(G15<>"",H15=""),G15,99999),IF(AND(I15<>"",J15=""),I15,99999),IF(AND(K15<>"",L15=""),K15,99999),IF(AND(M15<>"",N15=""),M15,99999),IF(AND(O15<>"",P15=""),O15,99999))) -> 46306
A16: 11 | B16: Especialidade Cirúrgica I | C16: Cirurgia | D16: 46307 | E16: =IF(OR(NOT(ISNUMBER($D16)),Config!$G$6<>"Sim"),"",$D16+Config!$F$6+IF(AND(Config!$F$6>0,WEEKDAY($D16+Config!$F$6)=Config!$E$24),1,0)) -> 46307 | G16: =IF(OR(NOT(ISNUMBER($D16)),Config!$G$7<>"Sim"),"",$D16+Config!$F$7+IF(AND(Config!$F$7>0,WEEKDAY($D16+Config!$F$7)=Config!$E$24),1,0)) -> 46308 | I16: =IF(OR(NOT(ISNUMBER($D16)),Config!$G$8<>"Sim"),"",$D16+Config!$F$8+IF(AND(Config!$F$8>0,WEEKDAY($D16+Config!$F$8)=Config!$E$24),1,0)) -> 46314 | K16: =IF(OR(NOT(ISNUMBER($D16)),Config!$G$9<>"Sim"),"",$D16+Config!$F$9+IF(AND(Config!$F$9>0,WEEKDAY($D16+Config!$F$9)=Config!$E$24),1,0)) -> 46322 | M16: =IF(OR(NOT(ISNUMBER($D16)),Config!$G$10<>"Sim"),"",$D16+Config!$F$10+IF(AND(Config!$F$10>0,WEEKDAY($D16+Config!$F$10)=Config!$E$24),1,0)) -> 46337 | O16: =IF(OR(NOT(ISNUMBER($D16)),Config!$G$11<>"Sim"),"",$D16+Config!$F$11+IF(AND(Config!$F$11>0,WEEKDAY($D16+Config!$F$11)=Config!$E$24),1,0)) -> 46367 | Q16: =IF(COUNT(E16,G16,I16,K16,M16,O16)=0,"",((E16<>"")*(F16<>"")+(G16<>"")*(H16<>"")+(I16<>"")*(J16<>"")+(K16<>"")*(L16<>"")+(M16<>"")*(N16<>"")+(O16<>"")*(P16<>""))/COUNT(E16,G16,I16,K16,M16,O16)) -> 0 | R16: =IF(T16="","",IF(T16=99999,"",T16)) -> 46307 | S16: =IF(T16="","",IF(T16=99999,"Concluído",IF(T16<TODAY(),"Atrasado",IF(T16=TODAY(),"Hoje","Em dia")))) -> Em dia | T16: =IF(COUNT(E16,G16,I16,K16,M16,O16)=0,"",MIN(IF(AND(E16<>"",F16=""),E16,99999),IF(AND(G16<>"",H16=""),G16,99999),IF(AND(I16<>"",J16=""),I16,99999),IF(AND(K16<>"",L16=""),K16,99999),IF(AND(M16<>"",N16=""),M16,99999),IF(AND(O16<>"",P16=""),O16,99999))) -> 46307
A17: 12 | B17: Especialidade Cirúrgica II | C17: Cirurgia | D17: 46307 | E17: =IF(OR(NOT(ISNUMBER($D17)),Config!$G$6<>"Sim"),"",$D17+Config!$F$6+IF(AND(Config!$F$6>0,WEEKDAY($D17+Config!$F$6)=Config!$E$24),1,0)) -> 46307 | G17: =IF(OR(NOT(ISNUMBER($D17)),Config!$G$7<>"Sim"),"",$D17+Config!$F$7+IF(AND(Config!$F$7>0,WEEKDAY($D17+Config!$F$7)=Config!$E$24),1,0)) -> 46308 | I17: =IF(OR(NOT(ISNUMBER($D17)),Config!$G$8<>"Sim"),"",$D17+Config!$F$8+IF(AND(Config!$F$8>0,WEEKDAY($D17+Config!$F$8)=Config!$E$24),1,0)) -> 46314 | K17: =IF(OR(NOT(ISNUMBER($D17)),Config!$G$9<>"Sim"),"",$D17+Config!$F$9+IF(AND(Config!$F$9>0,WEEKDAY($D17+Config!$F$9)=Config!$E$24),1,0)) -> 46322 | M17: =IF(OR(NOT(ISNUMBER($D17)),Config!$G$10<>"Sim"),"",$D17+Config!$F$10+IF(AND(Config!$F$10>0,WEEKDAY($D17+Config!$F$10)=Config!$E$24),1,0)) -> 46337 | O17: =IF(OR(NOT(ISNUMBER($D17)),Config!$G$11<>"Sim"),"",$D17+Config!$F$11+IF(AND(Config!$F$11>0,WEEKDAY($D17+Config!$F$11)=Config!$E$24),1,0)) -> 46367 | Q17: =IF(COUNT(E17,G17,I17,K17,M17,O17)=0,"",((E17<>"")*(F17<>"")+(G17<>"")*(H17<>"")+(I17<>"")*(J17<>"")+(K17<>"")*(L17<>"")+(M17<>"")*(N17<>"")+(O17<>"")*(P17<>""))/COUNT(E17,G17,I17,K17,M17,O17)) -> 0 | R17: =IF(T17="","",IF(T17=99999,"",T17)) -> 46307 | S17: =IF(T17="","",IF(T17=99999,"Concluído",IF(T17<TODAY(),"Atrasado",IF(T17=TODAY(),"Hoje","Em dia")))) -> Em dia | T17: =IF(COUNT(E17,G17,I17,K17,M17,O17)=0,"",MIN(IF(AND(E17<>"",F17=""),E17,99999),IF(AND(G17<>"",H17=""),G17,99999),IF(AND(I17<>"",J17=""),I17,99999),IF(AND(K17<>"",L17=""),K17,99999),IF(AND(M17<>"",N17=""),M17,99999),IF(AND(O17<>"",P17=""),O17,99999))) -> 46307
A18: 13 | B18: Distúrbios Hipertensivos na Gestação | C18: Ginecologia e Obstetrícia | D18: 46309 | E18: =IF(OR(NOT(ISNUMBER($D18)),Config!$G$6<>"Sim"),"",$D18+Config!$F$6+IF(AND(Config!$F$6>0,WEEKDAY($D18+Config!$F$6)=Config!$E$24),1,0)) -> 46309 | G18: =IF(OR(NOT(ISNUMBER($D18)),Config!$G$7<>"Sim"),"",$D18+Config!$F$7+IF(AND(Config!$F$7>0,WEEKDAY($D18+Config!$F$7)=Config!$E$24),1,0)) -> 46310 | I18: =IF(OR(NOT(ISNUMBER($D18)),Config!$G$8<>"Sim"),"",$D18+Config!$F$8+IF(AND(Config!$F$8>0,WEEKDAY($D18+Config!$F$8)=Config!$E$24),1,0)) -> 46316 | K18: =IF(OR(NOT(ISNUMBER($D18)),Config!$G$9<>"Sim"),"",$D18+Config!$F$9+IF(AND(Config!$F$9>0,WEEKDAY($D18+Config!$F$9)=Config!$E$24),1,0)) -> 46324 | M18: =IF(OR(NOT(ISNUMBER($D18)),Config!$G$10<>"Sim"),"",$D18+Config!$F$10+IF(AND(Config!$F$10>0,WEEKDAY($D18+Config!$F$10)=Config!$E$24),1,0)) -> 46339 | O18: =IF(OR(NOT(ISNUMBER($D18)),Config!$G$11<>"Sim"),"",$D18+Config!$F$11+IF(AND(Config!$F$11>0,WEEKDAY($D18+Config!$F$11)=Config!$E$24),1,0)) -> 46369 | Q18: =IF(COUNT(E18,G18,I18,K18,M18,O18)=0,"",((E18<>"")*(F18<>"")+(G18<>"")*(H18<>"")+(I18<>"")*(J18<>"")+(K18<>"")*(L18<>"")+(M18<>"")*(N18<>"")+(O18<>"")*(P18<>""))/COUNT(E18,G18,I18,K18,M18,O18)) -> 0 | R18: =IF(T18="","",IF(T18=99999,"",T18)) -> 46309 | S18: =IF(T18="","",IF(T18=99999,"Concluído",IF(T18<TODAY(),"Atrasado",IF(T18=TODAY(),"Hoje","Em dia")))) -> Em dia | T18: =IF(COUNT(E18,G18,I18,K18,M18,O18)=0,"",MIN(IF(AND(E18<>"",F18=""),E18,99999),IF(AND(G18<>"",H18=""),G18,99999),IF(AND(I18<>"",J18=""),I18,99999),IF(AND(K18<>"",L18=""),K18,99999),IF(AND(M18<>"",N18=""),M18,99999),IF(AND(O18<>"",P18=""),O18,99999))) -> 46309
A19: 14 | B19: Sofrimento Fetal e Vitalidade Fetal | C19: Ginecologia e Obstetrícia | D19: 46309 | E19: =IF(OR(NOT(ISNUMBER($D19)),Config!$G$6<>"Sim"),"",$D19+Config!$F$6+IF(AND(Config!$F$6>0,WEEKDAY($D19+Config!$F$6)=Config!$E$24),1,0)) -> 46309 | G19: =IF(OR(NOT(ISNUMBER($D19)),Config!$G$7<>"Sim"),"",$D19+Config!$F$7+IF(AND(Config!$F$7>0,WEEKDAY($D19+Config!$F$7)=Config!$E$24),1,0)) -> 46310 | I19: =IF(OR(NOT(ISNUMBER($D19)),Config!$G$8<>"Sim"),"",$D19+Config!$F$8+IF(AND(Config!$F$8>0,WEEKDAY($D19+Config!$F$8)=Config!$E$24),1,0)) -> 46316 | K19: =IF(OR(NOT(ISNUMBER($D19)),Config!$G$9<>"Sim"),"",$D19+Config!$F$9+IF(AND(Config!$F$9>0,WEEKDAY($D19+Config!$F$9)=Config!$E$24),1,0)) -> 46324 | M19: =IF(OR(NOT(ISNUMBER($D19)),Config!$G$10<>"Sim"),"",$D19+Config!$F$10+IF(AND(Config!$F$10>0,WEEKDAY($D19+Config!$F$10)=Config!$E$24),1,0)) -> 46339 | O19: =IF(OR(NOT(ISNUMBER($D19)),Config!$G$11<>"Sim"),"",$D19+Config!$F$11+IF(AND(Config!$F$11>0,WEEKDAY($D19+Config!$F$11)=Config!$E$24),1,0)) -> 46369 | Q19: =IF(COUNT(E19,G19,I19,K19,M19,O19)=0,"",((E19<>"")*(F19<>"")+(G19<>"")*(H19<>"")+(I19<>"")*(J19<>"")+(K19<>"")*(L19<>"")+(M19<>"")*(N19<>"")+(O19<>"")*(P19<>""))/COUNT(E19,G19,I19,K19,M19,O19)) -> 0 | R19: =IF(T19="","",IF(T19=99999,"",T19)) -> 46309 | S19: =IF(T19="","",IF(T19=99999,"Concluído",IF(T19<TODAY(),"Atrasado",IF(T19=TODAY(),"Hoje","Em dia")))) -> Em dia | T19: =IF(COUNT(E19,G19,I19,K19,M19,O19)=0,"",MIN(IF(AND(E19<>"",F19=""),E19,99999),IF(AND(G19<>"",H19=""),G19,99999),IF(AND(I19<>"",J19=""),I19,99999),IF(AND(K19<>"",L19=""),K19,99999),IF(AND(M19<>"",N19=""),M19,99999),IF(AND(O19<>"",P19=""),O19,99999))) -> 46309
A20: 15 | B20: Doenças da Suprarrenal | C20: Clínica Médica | D20: 46311 | E20: =IF(OR(NOT(ISNUMBER($D20)),Config!$G$6<>"Sim"),"",$D20+Config!$F$6+IF(AND(Config!$F$6>0,WEEKDAY($D20+Config!$F$6)=Config!$E$24),1,0)) -> 46311 | G20: =IF(OR(NOT(ISNUMBER($D20)),Config!$G$7<>"Sim"),"",$D20+Config!$F$7+IF(AND(Config!$F$7>0,WEEKDAY($D20+Config!$F$7)=Config!$E$24),1,0)) -> 46312 | I20: =IF(OR(NOT(ISNUMBER($D20)),Config!$G$8<>"Sim"),"",$D20+Config!$F$8+IF(AND(Config!$F$8>0,WEEKDAY($D20+Config!$F$8)=Config!$E$24),1,0)) -> 46318 | K20: =IF(OR(NOT(ISNUMBER($D20)),Config!$G$9<>"Sim"),"",$D20+Config!$F$9+IF(AND(Config!$F$9>0,WEEKDAY($D20+Config!$F$9)=Config!$E$24),1,0)) -> 46326 | M20: =IF(OR(NOT(ISNUMBER($D20)),Config!$G$10<>"Sim"),"",$D20+Config!$F$10+IF(AND(Config!$F$10>0,WEEKDAY($D20+Config!$F$10)=Config!$E$24),1,0)) -> 46341 | O20: =IF(OR(NOT(ISNUMBER($D20)),Config!$G$11<>"Sim"),"",$D20+Config!$F$11+IF(AND(Config!$F$11>0,WEEKDAY($D20+Config!$F$11)=Config!$E$24),1,0)) -> 46371 | Q20: =IF(COUNT(E20,G20,I20,K20,M20,O20)=0,"",((E20<>"")*(F20<>"")+(G20<>"")*(H20<>"")+(I20<>"")*(J20<>"")+(K20<>"")*(L20<>"")+(M20<>"")*(N20<>"")+(O20<>"")*(P20<>""))/COUNT(E20,G20,I20,K20,M20,O20)) -> 0 | R20: =IF(T20="","",IF(T20=99999,"",T20)) -> 46311 | S20: =IF(T20="","",IF(T20=99999,"Concluído",IF(T20<TODAY(),"Atrasado",IF(T20=TODAY(),"Hoje","Em dia")))) -> Em dia | T20: =IF(COUNT(E20,G20,I20,K20,M20,O20)=0,"",MIN(IF(AND(E20<>"",F20=""),E20,99999),IF(AND(G20<>"",H20=""),G20,99999),IF(AND(I20<>"",J20=""),I20,99999),IF(AND(K20<>"",L20=""),K20,99999),IF(AND(M20<>"",N20=""),M20,99999),IF(AND(O20<>"",P20=""),O20,99999))) -> 46311
A21: 16 | B21: Infecções Sexualmente Transmissíveis | C21: Ginecologia e Obstetrícia | D21: 46311 | E21: =IF(OR(NOT(ISNUMBER($D21)),Config!$G$6<>"Sim"),"",$D21+Config!$F$6+IF(AND(Config!$F$6>0,WEEKDAY($D21+Config!$F$6)=Config!$E$24),1,0)) -> 46311 | G21: =IF(OR(NOT(ISNUMBER($D21)),Config!$G$7<>"Sim"),"",$D21+Config!$F$7+IF(AND(Config!$F$7>0,WEEKDAY($D21+Config!$F$7)=Config!$E$24),1,0)) -> 46312 | I21: =IF(OR(NOT(ISNUMBER($D21)),Config!$G$8<>"Sim"),"",$D21+Config!$F$8+IF(AND(Config!$F$8>0,WEEKDAY($D21+Config!$F$8)=Config!$E$24),1,0)) -> 46318 | K21: =IF(OR(NOT(ISNUMBER($D21)),Config!$G$9<>"Sim"),"",$D21+Config!$F$9+IF(AND(Config!$F$9>0,WEEKDAY($D21+Config!$F$9)=Config!$E$24),1,0)) -> 46326 | M21: =IF(OR(NOT(ISNUMBER($D21)),Config!$G$10<>"Sim"),"",$D21+Config!$F$10+IF(AND(Config!$F$10>0,WEEKDAY($D21+Config!$F$10)=Config!$E$24),1,0)) -> 46341 | O21: =IF(OR(NOT(ISNUMBER($D21)),Config!$G$11<>"Sim"),"",$D21+Config!$F$11+IF(AND(Config!$F$11>0,WEEKDAY($D21+Config!$F$11)=Config!$E$24),1,0)) -> 46371 | Q21: =IF(COUNT(E21,G21,I21,K21,M21,O21)=0,"",((E21<>"")*(F21<>"")+(G21<>"")*(H21<>"")+(I21<>"")*(J21<>"")+(K21<>"")*(L21<>"")+(M21<>"")*(N21<>"")+(O21<>"")*(P21<>""))/COUNT(E21,G21,I21,K21,M21,O21)) -> 0 | R21: =IF(T21="","",IF(T21=99999,"",T21)) -> 46311 | S21: =IF(T21="","",IF(T21=99999,"Concluído",IF(T21<TODAY(),"Atrasado",IF(T21=TODAY(),"Hoje","Em dia")))) -> Em dia | T21: =IF(COUNT(E21,G21,I21,K21,M21,O21)=0,"",MIN(IF(AND(E21<>"",F21=""),E21,99999),IF(AND(G21<>"",H21=""),G21,99999),IF(AND(I21<>"",J21=""),I21,99999),IF(AND(K21<>"",L21=""),K21,99999),IF(AND(M21<>"",N21=""),M21,99999),IF(AND(O21<>"",P21=""),O21,99999))) -> 46311
A22: 17 | B22: Parasitoses Intestinais | C22: Pediatria | D22: 46311 | E22: =IF(OR(NOT(ISNUMBER($D22)),Config!$G$6<>"Sim"),"",$D22+Config!$F$6+IF(AND(Config!$F$6>0,WEEKDAY($D22+Config!$F$6)=Config!$E$24),1,0)) -> 46311 | G22: =IF(OR(NOT(ISNUMBER($D22)),Config!$G$7<>"Sim"),"",$D22+Config!$F$7+IF(AND(Config!$F$7>0,WEEKDAY($D22+Config!$F$7)=Config!$E$24),1,0)) -> 46312 | I22: =IF(OR(NOT(ISNUMBER($D22)),Config!$G$8<>"Sim"),"",$D22+Config!$F$8+IF(AND(Config!$F$8>0,WEEKDAY($D22+Config!$F$8)=Config!$E$24),1,0)) -> 46318 | K22: =IF(OR(NOT(ISNUMBER($D22)),Config!$G$9<>"Sim"),"",$D22+Config!$F$9+IF(AND(Config!$F$9>0,WEEKDAY($D22+Config!$F$9)=Config!$E$24),1,0)) -> 46326 | M22: =IF(OR(NOT(ISNUMBER($D22)),Config!$G$10<>"Sim"),"",$D22+Config!$F$10+IF(AND(Config!$F$10>0,WEEKDAY($D22+Config!$F$10)=Config!$E$24),1,0)) -> 46341 | O22: =IF(OR(NOT(ISNUMBER($D22)),Config!$G$11<>"Sim"),"",$D22+Config!$F$11+IF(AND(Config!$F$11>0,WEEKDAY($D22+Config!$F$11)=Config!$E$24),1,0)) -> 46371 | Q22: =IF(COUNT(E22,G22,I22,K22,M22,O22)=0,"",((E22<>"")*(F22<>"")+(G22<>"")*(H22<>"")+(I22<>"")*(J22<>"")+(K22<>"")*(L22<>"")+(M22<>"")*(N22<>"")+(O22<>"")*(P22<>""))/COUNT(E22,G22,I22,K22,M22,O22)) -> 0 | R22: =IF(T22="","",IF(T22=99999,"",T22)) -> 46311 | S22: =IF(T22="","",IF(T22=99999,"Concluído",IF(T22<TODAY(),"Atrasado",IF(T22=TODAY(),"Hoje","Em dia")))) -> Em dia | T22: =IF(COUNT(E22,G22,I22,K22,M22,O22)=0,"",MIN(IF(AND(E22<>"",F22=""),E22,99999),IF(AND(G22<>"",H22=""),G22,99999),IF(AND(I22<>"",J22=""),I22,99999),IF(AND(K22<>"",L22=""),K22,99999),IF(AND(M22<>"",N22=""),M22,99999),IF(AND(O22<>"",P22=""),O22,99999))) -> 46311
A23: 18 | B23: HIV/AIDS | C23: Clínica Médica | D23: 46311 | E23: =IF(OR(NOT(ISNUMBER($D23)),Config!$G$6<>"Sim"),"",$D23+Config!$F$6+IF(AND(Config!$F$6>0,WEEKDAY($D23+Config!$F$6)=Config!$E$24),1,0)) -> 46311 | G23: =IF(OR(NOT(ISNUMBER($D23)),Config!$G$7<>"Sim"),"",$D23+Config!$F$7+IF(AND(Config!$F$7>0,WEEKDAY($D23+Config!$F$7)=Config!$E$24),1,0)) -> 46312 | I23: =IF(OR(NOT(ISNUMBER($D23)),Config!$G$8<>"Sim"),"",$D23+Config!$F$8+IF(AND(Config!$F$8>0,WEEKDAY($D23+Config!$F$8)=Config!$E$24),1,0)) -> 46318 | K23: =IF(OR(NOT(ISNUMBER($D23)),Config!$G$9<>"Sim"),"",$D23+Config!$F$9+IF(AND(Config!$F$9>0,WEEKDAY($D23+Config!$F$9)=Config!$E$24),1,0)) -> 46326 | M23: =IF(OR(NOT(ISNUMBER($D23)),Config!$G$10<>"Sim"),"",$D23+Config!$F$10+IF(AND(Config!$F$10>0,WEEKDAY($D23+Config!$F$10)=Config!$E$24),1,0)) -> 46341 | O23: =IF(OR(NOT(ISNUMBER($D23)),Config!$G$11<>"Sim"),"",$D23+Config!$F$11+IF(AND(Config!$F$11>0,WEEKDAY($D23+Config!$F$11)=Config!$E$24),1,0)) -> 46371 | Q23: =IF(COUNT(E23,G23,I23,K23,M23,O23)=0,"",((E23<>"")*(F23<>"")+(G23<>"")*(H23<>"")+(I23<>"")*(J23<>"")+(K23<>"")*(L23<>"")+(M23<>"")*(N23<>"")+(O23<>"")*(P23<>""))/COUNT(E23,G23,I23,K23,M23,O23)) -> 0 | R23: =IF(T23="","",IF(T23=99999,"",T23)) -> 46311 | S23: =IF(T23="","",IF(T23=99999,"Concluído",IF(T23<TODAY(),"Atrasado",IF(T23=TODAY(),"Hoje","Em dia")))) -> Em dia | T23: =IF(COUNT(E23,G23,I23,K23,M23,O23)=0,"",MIN(IF(AND(E23<>"",F23=""),E23,99999),IF(AND(G23<>"",H23=""),G23,99999),IF(AND(I23<>"",J23=""),I23,99999),IF(AND(K23<>"",L23=""),K23,99999),IF(AND(M23<>"",N23=""),M23,99999),IF(AND(O23<>"",P23=""),O23,99999))) -> 46311
A24: 19 | B24: Dermatologia I e II | C24: Clínica Médica | D24: 46314 | E24: =IF(OR(NOT(ISNUMBER($D24)),Config!$G$6<>"Sim"),"",$D24+Config!$F$6+IF(AND(Config!$F$6>0,WEEKDAY($D24+Config!$F$6)=Config!$E$24),1,0)) -> 46314 | G24: =IF(OR(NOT(ISNUMBER($D24)),Config!$G$7<>"Sim"),"",$D24+Config!$F$7+IF(AND(Config!$F$7>0,WEEKDAY($D24+Config!$F$7)=Config!$E$24),1,0)) -> 46315 | I24: =IF(OR(NOT(ISNUMBER($D24)),Config!$G$8<>"Sim"),"",$D24+Config!$F$8+IF(AND(Config!$F$8>0,WEEKDAY($D24+Config!$F$8)=Config!$E$24),1,0)) -> 46321 | K24: =IF(OR(NOT(ISNUMBER($D24)),Config!$G$9<>"Sim"),"",$D24+Config!$F$9+IF(AND(Config!$F$9>0,WEEKDAY($D24+Config!$F$9)=Config!$E$24),1,0)) -> 46329 | M24: =IF(OR(NOT(ISNUMBER($D24)),Config!$G$10<>"Sim"),"",$D24+Config!$F$10+IF(AND(Config!$F$10>0,WEEKDAY($D24+Config!$F$10)=Config!$E$24),1,0)) -> 46344 | O24: =IF(OR(NOT(ISNUMBER($D24)),Config!$G$11<>"Sim"),"",$D24+Config!$F$11+IF(AND(Config!$F$11>0,WEEKDAY($D24+Config!$F$11)=Config!$E$24),1,0)) -> 46374 | Q24: =IF(COUNT(E24,G24,I24,K24,M24,O24)=0,"",((E24<>"")*(F24<>"")+(G24<>"")*(H24<>"")+(I24<>"")*(J24<>"")+(K24<>"")*(L24<>"")+(M24<>"")*(N24<>"")+(O24<>"")*(P24<>""))/COUNT(E24,G24,I24,K24,M24,O24)) -> 0 | R24: =IF(T24="","",IF(T24=99999,"",T24)) -> 46314 | S24: =IF(T24="","",IF(T24=99999,"Concluído",IF(T24<TODAY(),"Atrasado",IF(T24=TODAY(),"Hoje","Em dia")))) -> Em dia | T24: =IF(COUNT(E24,G24,I24,K24,M24,O24)=0,"",MIN(IF(AND(E24<>"",F24=""),E24,99999),IF(AND(G24<>"",H24=""),G24,99999),IF(AND(I24<>"",J24=""),I24,99999),IF(AND(K24<>"",L24=""),K24,99999),IF(AND(M24<>"",N24=""),M24,99999),IF(AND(O24<>"",P24=""),O24,99999))) -> 46314
A25: 20 | B25: Bônus Oftalmo | C25: Cirurgia | D25: 46315 | E25: =IF(OR(NOT(ISNUMBER($D25)),Config!$G$6<>"Sim"),"",$D25+Config!$F$6+IF(AND(Config!$F$6>0,WEEKDAY($D25+Config!$F$6)=Config!$E$24),1,0)) -> 46315 | G25: =IF(OR(NOT(ISNUMBER($D25)),Config!$G$7<>"Sim"),"",$D25+Config!$F$7+IF(AND(Config!$F$7>0,WEEKDAY($D25+Config!$F$7)=Config!$E$24),1,0)) -> 46316 | I25: =IF(OR(NOT(ISNUMBER($D25)),Config!$G$8<>"Sim"),"",$D25+Config!$F$8+IF(AND(Config!$F$8>0,WEEKDAY($D25+Config!$F$8)=Config!$E$24),1,0)) -> 46322 | K25: =IF(OR(NOT(ISNUMBER($D25)),Config!$G$9<>"Sim"),"",$D25+Config!$F$9+IF(AND(Config!$F$9>0,WEEKDAY($D25+Config!$F$9)=Config!$E$24),1,0)) -> 46330 | M25: =IF(OR(NOT(ISNUMBER($D25)),Config!$G$10<>"Sim"),"",$D25+Config!$F$10+IF(AND(Config!$F$10>0,WEEKDAY($D25+Config!$F$10)=Config!$E$24),1,0)) -> 46345 | O25: =IF(OR(NOT(ISNUMBER($D25)),Config!$G$11<>"Sim"),"",$D25+Config!$F$11+IF(AND(Config!$F$11>0,WEEKDAY($D25+Config!$F$11)=Config!$E$24),1,0)) -> 46375 | Q25: =IF(COUNT(E25,G25,I25,K25,M25,O25)=0,"",((E25<>"")*(F25<>"")+(G25<>"")*(H25<>"")+(I25<>"")*(J25<>"")+(K25<>"")*(L25<>"")+(M25<>"")*(N25<>"")+(O25<>"")*(P25<>""))/COUNT(E25,G25,I25,K25,M25,O25)) -> 0 | R25: =IF(T25="","",IF(T25=99999,"",T25)) -> 46315 | S25: =IF(T25="","",IF(T25=99999,"Concluído",IF(T25<TODAY(),"Atrasado",IF(T25=TODAY(),"Hoje","Em dia")))) -> Em dia | T25: =IF(COUNT(E25,G25,I25,K25,M25,O25)=0,"",MIN(IF(AND(E25<>"",F25=""),E25,99999),IF(AND(G25<>"",H25=""),G25,99999),IF(AND(I25<>"",J25=""),I25,99999),IF(AND(K25<>"",L25=""),K25,99999),IF(AND(M25<>"",N25=""),M25,99999),IF(AND(O25<>"",P25=""),O25,99999))) -> 46315
A26: 21 | B26: Insuficiência Cardíaca | C26: Clínica Médica | D26: 46315 | E26: =IF(OR(NOT(ISNUMBER($D26)),Config!$G$6<>"Sim"),"",$D26+Config!$F$6+IF(AND(Config!$F$6>0,WEEKDAY($D26+Config!$F$6)=Config!$E$24),1,0)) -> 46315 | G26: =IF(OR(NOT(ISNUMBER($D26)),Config!$G$7<>"Sim"),"",$D26+Config!$F$7+IF(AND(Config!$F$7>0,WEEKDAY($D26+Config!$F$7)=Config!$E$24),1,0)) -> 46316 | I26: =IF(OR(NOT(ISNUMBER($D26)),Config!$G$8<>"Sim"),"",$D26+Config!$F$8+IF(AND(Config!$F$8>0,WEEKDAY($D26+Config!$F$8)=Config!$E$24),1,0)) -> 46322 | K26: =IF(OR(NOT(ISNUMBER($D26)),Config!$G$9<>"Sim"),"",$D26+Config!$F$9+IF(AND(Config!$F$9>0,WEEKDAY($D26+Config!$F$9)=Config!$E$24),1,0)) -> 46330 | M26: =IF(OR(NOT(ISNUMBER($D26)),Config!$G$10<>"Sim"),"",$D26+Config!$F$10+IF(AND(Config!$F$10>0,WEEKDAY($D26+Config!$F$10)=Config!$E$24),1,0)) -> 46345 | O26: =IF(OR(NOT(ISNUMBER($D26)),Config!$G$11<>"Sim"),"",$D26+Config!$F$11+IF(AND(Config!$F$11>0,WEEKDAY($D26+Config!$F$11)=Config!$E$24),1,0)) -> 46375 | Q26: =IF(COUNT(E26,G26,I26,K26,M26,O26)=0,"",((E26<>"")*(F26<>"")+(G26<>"")*(H26<>"")+(I26<>"")*(J26<>"")+(K26<>"")*(L26<>"")+(M26<>"")*(N26<>"")+(O26<>"")*(P26<>""))/COUNT(E26,G26,I26,K26,M26,O26)) -> 0 | R26: =IF(T26="","",IF(T26=99999,"",T26)) -> 46315 | S26: =IF(T26="","",IF(T26=99999,"Concluído",IF(T26<TODAY(),"Atrasado",IF(T26=TODAY(),"Hoje","Em dia")))) -> Em dia | T26: =IF(COUNT(E26,G26,I26,K26,M26,O26)=0,"",MIN(IF(AND(E26<>"",F26=""),E26,99999),IF(AND(G26<>"",H26=""),G26,99999),IF(AND(I26<>"",J26=""),I26,99999),IF(AND(K26<>"",L26=""),K26,99999),IF(AND(M26<>"",N26=""),M26,99999),IF(AND(O26<>"",P26=""),O26,99999))) -> 46315
... A31: 26 | B31: Fraqueza Muscular — Polineuropatias | C31: Clínica Médica | D31: 46322 | E31: =IF(OR(NOT(ISNUMBER($D31)),Config!$G$6<>"Sim"),"",$D31+Config!$F$6+IF(AND(Config!$F$6>0,WEEKDAY($D31+Config!$F$6)=Config!$E$24),1,0)) -> 46322 | G31: =IF(OR(NOT(ISNUMBER($D31)),Config!$G$7<>"Sim"),"",$D31+Config!$F$7+IF(AND(Config!$F$7>0,WEEKDAY($D31+Config!$F$7)=Config!$E$24),1,0)) -> 46323 | I31: =IF(OR(NOT(ISNUMBER($D31)),Config!$G$8<>"Sim"),"",$D31+Config!$F$8+IF(AND(Config!$F$8>0,WEEKDAY($D31+Config!$F$8)=Config!$E$24),1,0)) -> 46329 | K31: =IF(OR(NOT(ISNUMBER($D31)),Config!$G$9<>"Sim"),"",$D31+Config!$F$9+IF(AND(Config!$F$9>0,WEEKDAY($D31+Config!$F$9)=Config!$E$24),1,0)) -> 46337 | M31: =IF(OR(NOT(ISNUMBER($D31)),Config!$G$10<>"Sim"),"",$D31+Config!$F$10+IF(AND(Config!$F$10>0,WEEKDAY($D31+Config!$F$10)=Config!$E$24),1,0)) -> 46352 | O31: =IF(OR(NOT(ISNUMBER($D31)),Config!$G$11<>"Sim"),"",$D31+Config!$F$11+IF(AND(Config!$F$11>0,WEEKDAY($D31+Config!$F$11)=Config!$E$24),1,0)) -> 46382 | Q31: =IF(COUNT(E31,G31,I31,K31,M31,O31)=0,"",((E31<>"")*(F31<>"")+(G31<>"")*(H31<>"")+(I31<>"")*(J31<>"")+(K31<>"")*(L31<>"")+(M31<>"")*(N31<>"")+(O31<>"")*(P31<>""))/COUNT(E31,G31,I31,K31,M31,O31)) -> 0 | R31: =IF(T31="","",IF(T31=99999,"",T31)) -> 46322 | S31: =IF(T31="","",IF(T31=99999,"Concluído",IF(T31<TODAY(),"Atrasado",IF(T31=TODAY(),"Hoje","Em dia")))) -> Em dia | T31: =IF(COUNT(E31,G31,I31,K31,M31,O31)=0,"",MIN(IF(AND(E31<>"",F31=""),E31,99999),IF(AND(G31<>"",H31=""),G31,99999),IF(AND(I31<>"",J31=""),I31,99999),IF(AND(K31<>"",L31=""),K31,99999),IF(AND(M31<>"",N31=""),M31,99999),IF(AND(O31<>"",P31=""),O31,99999))) -> 46322
A32: 27 | E32: =IF(OR(NOT(ISNUMBER($D32)),Config!$G$6<>"Sim"),"",$D32+Config!$F$6+IF(AND(Config!$F$6>0,WEEKDAY($D32+Config!$F$6)=Config!$E$24),1,0)) | G32: =IF(OR(NOT(ISNUMBER($D32)),Config!$G$7<>"Sim"),"",$D32+Config!$F$7+IF(AND(Config!$F$7>0,WEEKDAY($D32+Config!$F$7)=Config!$E$24),1,0)) | I32: =IF(OR(NOT(ISNUMBER($D32)),Config!$G$8<>"Sim"),"",$D32+Config!$F$8+IF(AND(Config!$F$8>0,WEEKDAY($D32+Config!$F$8)=Config!$E$24),1,0)) | K32: =IF(OR(NOT(ISNUMBER($D32)),Config!$G$9<>"Sim"),"",$D32+Config!$F$9+IF(AND(Config!$F$9>0,WEEKDAY($D32+Config!$F$9)=Config!$E$24),1,0)) | M32: =IF(OR(NOT(ISNUMBER($D32)),Config!$G$10<>"Sim"),"",$D32+Config!$F$10+IF(AND(Config!$F$10>0,WEEKDAY($D32+Config!$F$10)=Config!$E$24),1,0)) | O32: =IF(OR(NOT(ISNUMBER($D32)),Config!$G$11<>"Sim"),"",$D32+Config!$F$11+IF(AND(Config!$F$11>0,WEEKDAY($D32+Config!$F$11)=Config!$E$24),1,0)) | Q32: =IF(COUNT(E32,G32,I32,K32,M32,O32)=0,"",((E32<>"")*(F32<>"")+(G32<>"")*(H32<>"")+(I32<>"")*(J32<>"")+(K32<>"")*(L32<>"")+(M32<>"")*(N32<>"")+(O32<>"")*(P32<>""))/COUNT(E32,G32,I32,K32,M32,O32)) | R32: =IF(T32="","",IF(T32=99999,"",T32)) | S32: =IF(T32="","",IF(T32=99999,"Concluído",IF(T32<TODAY(),"Atrasado",IF(T32=TODAY(),"Hoje","Em dia")))) | T32: =IF(COUNT(E32,G32,I32,K32,M32,O32)=0,"",MIN(IF(AND(E32<>"",F32=""),E32,99999),IF(AND(G32<>"",H32=""),G32,99999),IF(AND(I32<>"",J32=""),I32,99999),IF(AND(K32<>"",L32=""),K32,99999),IF(AND(M32<>"",N32=""),M32,99999),IF(AND(O32<>"",P32=""),O32,99999)))
A33: 28 | E33: =IF(OR(NOT(ISNUMBER($D33)),Config!$G$6<>"Sim"),"",$D33+Config!$F$6+IF(AND(Config!$F$6>0,WEEKDAY($D33+Config!$F$6)=Config!$E$24),1,0)) | G33: =IF(OR(NOT(ISNUMBER($D33)),Config!$G$7<>"Sim"),"",$D33+Config!$F$7+IF(AND(Config!$F$7>0,WEEKDAY($D33+Config!$F$7)=Config!$E$24),1,0)) | I33: =IF(OR(NOT(ISNUMBER($D33)),Config!$G$8<>"Sim"),"",$D33+Config!$F$8+IF(AND(Config!$F$8>0,WEEKDAY($D33+Config!$F$8)=Config!$E$24),1,0)) | K33: =IF(OR(NOT(ISNUMBER($D33)),Config!$G$9<>"Sim"),"",$D33+Config!$F$9+IF(AND(Config!$F$9>0,WEEKDAY($D33+Config!$F$9)=Config!$E$24),1,0)) | M33: =IF(OR(NOT(ISNUMBER($D33)),Config!$G$10<>"Sim"),"",$D33+Config!$F$10+IF(AND(Config!$F$10>0,WEEKDAY($D33+Config!$F$10)=Config!$E$24),1,0)) | O33: =IF(OR(NOT(ISNUMBER($D33)),Config!$G$11<>"Sim"),"",$D33+Config!$F$11+IF(AND(Config!$F$11>0,WEEKDAY($D33+Config!$F$11)=Config!$E$24),1,0)) | Q33: =IF(COUNT(E33,G33,I33,K33,M33,O33)=0,"",((E33<>"")*(F33<>"")+(G33<>"")*(H33<>"")+(I33<>"")*(J33<>"")+(K33<>"")*(L33<>"")+(M33<>"")*(N33<>"")+(O33<>"")*(P33<>""))/COUNT(E33,G33,I33,K33,M33,O33)) | R33: =IF(T33="","",IF(T33=99999,"",T33)) | S33: =IF(T33="","",IF(T33=99999,"Concluído",IF(T33<TODAY(),"Atrasado",IF(T33=TODAY(),"Hoje","Em dia")))) | T33: =IF(COUNT(E33,G33,I33,K33,M33,O33)=0,"",MIN(IF(AND(E33<>"",F33=""),E33,99999),IF(AND(G33<>"",H33=""),G33,99999),IF(AND(I33<>"",J33=""),I33,99999),IF(AND(K33<>"",L33=""),K33,99999),IF(AND(M33<>"",N33=""),M33,99999),IF(AND(O33<>"",P33=""),O33,99999)))
A34: 29 | E34: =IF(OR(NOT(ISNUMBER($D34)),Config!$G$6<>"Sim"),"",$D34+Config!$F$6+IF(AND(Config!$F$6>0,WEEKDAY($D34+Config!$F$6)=Config!$E$24),1,0)) | G34: =IF(OR(NOT(ISNUMBER($D34)),Config!$G$7<>"Sim"),"",$D34+Config!$F$7+IF(AND(Config!$F$7>0,WEEKDAY($D34+Config!$F$7)=Config!$E$24),1,0)) | I34: =IF(OR(NOT(ISNUMBER($D34)),Config!$G$8<>"Sim"),"",$D34+Config!$F$8+IF(AND(Config!$F$8>0,WEEKDAY($D34+Config!$F$8)=Config!$E$24),1,0)) | K34: =IF(OR(NOT(ISNUMBER($D34)),Config!$G$9<>"Sim"),"",$D34+Config!$F$9+IF(AND(Config!$F$9>0,WEEKDAY($D34+Config!$F$9)=Config!$E$24),1,0)) | M34: =IF(OR(NOT(ISNUMBER($D34)),Config!$G$10<>"Sim"),"",$D34+Config!$F$10+IF(AND(Config!$F$10>0,WEEKDAY($D34+Config!$F$10)=Config!$E$24),1,0)) | O34: =IF(OR(NOT(ISNUMBER($D34)),Config!$G$11<>"Sim"),"",$D34+Config!$F$11+IF(AND(Config!$F$11>0,WEEKDAY($D34+Config!$F$11)=Config!$E$24),1,0)) | Q34: =IF(COUNT(E34,G34,I34,K34,M34,O34)=0,"",((E34<>"")*(F34<>"")+(G34<>"")*(H34<>"")+(I34<>"")*(J34<>"")+(K34<>"")*(L34<>"")+(M34<>"")*(N34<>"")+(O34<>"")*(P34<>""))/COUNT(E34,G34,I34,K34,M34,O34)) | R34: =IF(T34="","",IF(T34=99999,"",T34)) | S34: =IF(T34="","",IF(T34=99999,"Concluído",IF(T34<TODAY(),"Atrasado",IF(T34=TODAY(),"Hoje","Em dia")))) | T34: =IF(COUNT(E34,G34,I34,K34,M34,O34)=0,"",MIN(IF(AND(E34<>"",F34=""),E34,99999),IF(AND(G34<>"",H34=""),G34,99999),IF(AND(I34<>"",J34=""),I34,99999),IF(AND(K34<>"",L34=""),K34,99999),IF(AND(M34<>"",N34=""),M34,99999),IF(AND(O34<>"",P34=""),O34,99999)))
A35: 30 | E35: =IF(OR(NOT(ISNUMBER($D35)),Config!$G$6<>"Sim"),"",$D35+Config!$F$6+IF(AND(Config!$F$6>0,WEEKDAY($D35+Config!$F$6)=Config!$E$24),1,0)) | G35: =IF(OR(NOT(ISNUMBER($D35)),Config!$G$7<>"Sim"),"",$D35+Config!$F$7+IF(AND(Config!$F$7>0,WEEKDAY($D35+Config!$F$7)=Config!$E$24),1,0)) | I35: =IF(OR(NOT(ISNUMBER($D35)),Config!$G$8<>"Sim"),"",$D35+Config!$F$8+IF(AND(Config!$F$8>0,WEEKDAY($D35+Config!$F$8)=Config!$E$24),1,0)) | K35: =IF(OR(NOT(ISNUMBER($D35)),Config!$G$9<>"Sim"),"",$D35+Config!$F$9+IF(AND(Config!$F$9>0,WEEKDAY($D35+Config!$F$9)=Config!$E$24),1,0)) | M35: =IF(OR(NOT(ISNUMBER($D35)),Config!$G$10<>"Sim"),"",$D35+Config!$F$10+IF(AND(Config!$F$10>0,WEEKDAY($D35+Config!$F$10)=Config!$E$24),1,0)) | O35: =IF(OR(NOT(ISNUMBER($D35)),Config!$G$11<>"Sim"),"",$D35+Config!$F$11+IF(AND(Config!$F$11>0,WEEKDAY($D35+Config!$F$11)=Config!$E$24),1,0)) | Q35: =IF(COUNT(E35,G35,I35,K35,M35,O35)=0,"",((E35<>"")*(F35<>"")+(G35<>"")*(H35<>"")+(I35<>"")*(J35<>"")+(K35<>"")*(L35<>"")+(M35<>"")*(N35<>"")+(O35<>"")*(P35<>""))/COUNT(E35,G35,I35,K35,M35,O35)) | R35: =IF(T35="","",IF(T35=99999,"",T35)) | S35: =IF(T35="","",IF(T35=99999,"Concluído",IF(T35<TODAY(),"Atrasado",IF(T35=TODAY(),"Hoje","Em dia")))) | T35: =IF(COUNT(E35,G35,I35,K35,M35,O35)=0,"",MIN(IF(AND(E35<>"",F35=""),E35,99999),IF(AND(G35<>"",H35=""),G35,99999),IF(AND(I35<>"",J35=""),I35,99999),IF(AND(K35<>"",L35=""),K35,99999),IF(AND(M35<>"",N35=""),M35,99999),IF(AND(O35<>"",P35=""),O35,99999)))
A36: 31 | E36: =IF(OR(NOT(ISNUMBER($D36)),Config!$G$6<>"Sim"),"",$D36+Config!$F$6+IF(AND(Config!$F$6>0,WEEKDAY($D36+Config!$F$6)=Config!$E$24),1,0)) | G36: =IF(OR(NOT(ISNUMBER($D36)),Config!$G$7<>"Sim"),"",$D36+Config!$F$7+IF(AND(Config!$F$7>0,WEEKDAY($D36+Config!$F$7)=Config!$E$24),1,0)) | I36: =IF(OR(NOT(ISNUMBER($D36)),Config!$G$8<>"Sim"),"",$D36+Config!$F$8+IF(AND(Config!$F$8>0,WEEKDAY($D36+Config!$F$8)=Config!$E$24),1,0)) | K36: =IF(OR(NOT(ISNUMBER($D36)),Config!$G$9<>"Sim"),"",$D36+Config!$F$9+IF(AND(Config!$F$9>0,WEEKDAY($D36+Config!$F$9)=Config!$E$24),1,0)) | M36: =IF(OR(NOT(ISNUMBER($D36)),Config!$G$10<>"Sim"),"",$D36+Config!$F$10+IF(AND(Config!$F$10>0,WEEKDAY($D36+Config!$F$10)=Config!$E$24),1,0)) | O36: =IF(OR(NOT(ISNUMBER($D36)),Config!$G$11<>"Sim"),"",$D36+Config!$F$11+IF(AND(Config!$F$11>0,WEEKDAY($D36+Config!$F$11)=Config!$E$24),1,0)) | Q36: =IF(COUNT(E36,G36,I36,K36,M36,O36)=0,"",((E36<>"")*(F36<>"")+(G36<>"")*(H36<>"")+(I36<>"")*(J36<>"")+(K36<>"")*(L36<>"")+(M36<>"")*(N36<>"")+(O36<>"")*(P36<>""))/COUNT(E36,G36,I36,K36,M36,O36)) | R36: =IF(T36="","",IF(T36=99999,"",T36)) | S36: =IF(T36="","",IF(T36=99999,"Concluído",IF(T36<TODAY(),"Atrasado",IF(T36=TODAY(),"Hoje","Em dia")))) | T36: =IF(COUNT(E36,G36,I36,K36,M36,O36)=0,"",MIN(IF(AND(E36<>"",F36=""),E36,99999),IF(AND(G36<>"",H36=""),G36,99999),IF(AND(I36<>"",J36=""),I36,99999),IF(AND(K36<>"",L36=""),K36,99999),IF(AND(M36<>"",N36=""),M36,99999),IF(AND(O36<>"",P36=""),O36,99999)))
A37: 32 | E37: =IF(OR(NOT(ISNUMBER($D37)),Config!$G$6<>"Sim"),"",$D37+Config!$F$6+IF(AND(Config!$F$6>0,WEEKDAY($D37+Config!$F$6)=Config!$E$24),1,0)) | G37: =IF(OR(NOT(ISNUMBER($D37)),Config!$G$7<>"Sim"),"",$D37+Config!$F$7+IF(AND(Config!$F$7>0,WEEKDAY($D37+Config!$F$7)=Config!$E$24),1,0)) | I37: =IF(OR(NOT(ISNUMBER($D37)),Config!$G$8<>"Sim"),"",$D37+Config!$F$8+IF(AND(Config!$F$8>0,WEEKDAY($D37+Config!$F$8)=Config!$E$24),1,0)) | K37: =IF(OR(NOT(ISNUMBER($D37)),Config!$G$9<>"Sim"),"",$D37+Config!$F$9+IF(AND(Config!$F$9>0,WEEKDAY($D37+Config!$F$9)=Config!$E$24),1,0)) | M37: =IF(OR(NOT(ISNUMBER($D37)),Config!$G$10<>"Sim"),"",$D37+Config!$F$10+IF(AND(Config!$F$10>0,WEEKDAY($D37+Config!$F$10)=Config!$E$24),1,0)) | O37: =IF(OR(NOT(ISNUMBER($D37)),Config!$G$11<>"Sim"),"",$D37+Config!$F$11+IF(AND(Config!$F$11>0,WEEKDAY($D37+Config!$F$11)=Config!$E$24),1,0)) | Q37: =IF(COUNT(E37,G37,I37,K37,M37,O37)=0,"",((E37<>"")*(F37<>"")+(G37<>"")*(H37<>"")+(I37<>"")*(J37<>"")+(K37<>"")*(L37<>"")+(M37<>"")*(N37<>"")+(O37<>"")*(P37<>""))/COUNT(E37,G37,I37,K37,M37,O37)) | R37: =IF(T37="","",IF(T37=99999,"",T37)) | S37: =IF(T37="","",IF(T37=99999,"Concluído",IF(T37<TODAY(),"Atrasado",IF(T37=TODAY(),"Hoje","Em dia")))) | T37: =IF(COUNT(E37,G37,I37,K37,M37,O37)=0,"",MIN(IF(AND(E37<>"",F37=""),E37,99999),IF(AND(G37<>"",H37=""),G37,99999),IF(AND(I37<>"",J37=""),I37,99999),IF(AND(K37<>"",L37=""),K37,99999),IF(AND(M37<>"",N37=""),M37,99999),IF(AND(O37<>"",P37=""),O37,99999)))
A38: 33 | E38: =IF(OR(NOT(ISNUMBER($D38)),Config!$G$6<>"Sim"),"",$D38+Config!$F$6+IF(AND(Config!$F$6>0,WEEKDAY($D38+Config!$F$6)=Config!$E$24),1,0)) | G38: =IF(OR(NOT(ISNUMBER($D38)),Config!$G$7<>"Sim"),"",$D38+Config!$F$7+IF(AND(Config!$F$7>0,WEEKDAY($D38+Config!$F$7)=Config!$E$24),1,0)) | I38: =IF(OR(NOT(ISNUMBER($D38)),Config!$G$8<>"Sim"),"",$D38+Config!$F$8+IF(AND(Config!$F$8>0,WEEKDAY($D38+Config!$F$8)=Config!$E$24),1,0)) | K38: =IF(OR(NOT(ISNUMBER($D38)),Config!$G$9<>"Sim"),"",$D38+Config!$F$9+IF(AND(Config!$F$9>0,WEEKDAY($D38+Config!$F$9)=Config!$E$24),1,0)) | M38: =IF(OR(NOT(ISNUMBER($D38)),Config!$G$10<>"Sim"),"",$D38+Config!$F$10+IF(AND(Config!$F$10>0,WEEKDAY($D38+Config!$F$10)=Config!$E$24),1,0)) | O38: =IF(OR(NOT(ISNUMBER($D38)),Config!$G$11<>"Sim"),"",$D38+Config!$F$11+IF(AND(Config!$F$11>0,WEEKDAY($D38+Config!$F$11)=Config!$E$24),1,0)) | Q38: =IF(COUNT(E38,G38,I38,K38,M38,O38)=0,"",((E38<>"")*(F38<>"")+(G38<>"")*(H38<>"")+(I38<>"")*(J38<>"")+(K38<>"")*(L38<>"")+(M38<>"")*(N38<>"")+(O38<>"")*(P38<>""))/COUNT(E38,G38,I38,K38,M38,O38)) | R38: =IF(T38="","",IF(T38=99999,"",T38)) | S38: =IF(T38="","",IF(T38=99999,"Concluído",IF(T38<TODAY(),"Atrasado",IF(T38=TODAY(),"Hoje","Em dia")))) | T38: =IF(COUNT(E38,G38,I38,K38,M38,O38)=0,"",MIN(IF(AND(E38<>"",F38=""),E38,99999),IF(AND(G38<>"",H38=""),G38,99999),IF(AND(I38<>"",J38=""),I38,99999),IF(AND(K38<>"",L38=""),K38,99999),IF(AND(M38<>"",N38=""),M38,99999),IF(AND(O38<>"",P38=""),O38,99999)))
A39: 34 | E39: =IF(OR(NOT(ISNUMBER($D39)),Config!$G$6<>"Sim"),"",$D39+Config!$F$6+IF(AND(Config!$F$6>0,WEEKDAY($D39+Config!$F$6)=Config!$E$24),1,0)) | G39: =IF(OR(NOT(ISNUMBER($D39)),Config!$G$7<>"Sim"),"",$D39+Config!$F$7+IF(AND(Config!$F$7>0,WEEKDAY($D39+Config!$F$7)=Config!$E$24),1,0)) | I39: =IF(OR(NOT(ISNUMBER($D39)),Config!$G$8<>"Sim"),"",$D39+Config!$F$8+IF(AND(Config!$F$8>0,WEEKDAY($D39+Config!$F$8)=Config!$E$24),1,0)) | K39: =IF(OR(NOT(ISNUMBER($D39)),Config!$G$9<>"Sim"),"",$D39+Config!$F$9+IF(AND(Config!$F$9>0,WEEKDAY($D39+Config!$F$9)=Config!$E$24),1,0)) | M39: =IF(OR(NOT(ISNUMBER($D39)),Config!$G$10<>"Sim"),"",$D39+Config!$F$10+IF(AND(Config!$F$10>0,WEEKDAY($D39+Config!$F$10)=Config!$E$24),1,0)) | O39: =IF(OR(NOT(ISNUMBER($D39)),Config!$G$11<>"Sim"),"",$D39+Config!$F$11+IF(AND(Config!$F$11>0,WEEKDAY($D39+Config!$F$11)=Config!$E$24),1,0)) | Q39: =IF(COUNT(E39,G39,I39,K39,M39,O39)=0,"",((E39<>"")*(F39<>"")+(G39<>"")*(H39<>"")+(I39<>"")*(J39<>"")+(K39<>"")*(L39<>"")+(M39<>"")*(N39<>"")+(O39<>"")*(P39<>""))/COUNT(E39,G39,I39,K39,M39,O39)) | R39: =IF(T39="","",IF(T39=99999,"",T39)) | S39: =IF(T39="","",IF(T39=99999,"Concluído",IF(T39<TODAY(),"Atrasado",IF(T39=TODAY(),"Hoje","Em dia")))) | T39: =IF(COUNT(E39,G39,I39,K39,M39,O39)=0,"",MIN(IF(AND(E39<>"",F39=""),E39,99999),IF(AND(G39<>"",H39=""),G39,99999),IF(AND(I39<>"",J39=""),I39,99999),IF(AND(K39<>"",L39=""),K39,99999),IF(AND(M39<>"",N39=""),M39,99999),IF(AND(O39<>"",P39=""),O39,99999)))
A40: 35 | E40: =IF(OR(NOT(ISNUMBER($D40)),Config!$G$6<>"Sim"),"",$D40+Config!$F$6+IF(AND(Config!$F$6>0,WEEKDAY($D40+Config!$F$6)=Config!$E$24),1,0)) | G40: =IF(OR(NOT(ISNUMBER($D40)),Config!$G$7<>"Sim"),"",$D40+Config!$F$7+IF(AND(Config!$F$7>0,WEEKDAY($D40+Config!$F$7)=Config!$E$24),1,0)) | I40: =IF(OR(NOT(ISNUMBER($D40)),Config!$G$8<>"Sim"),"",$D40+Config!$F$8+IF(AND(Config!$F$8>0,WEEKDAY($D40+Config!$F$8)=Config!$E$24),1,0)) | K40: =IF(OR(NOT(ISNUMBER($D40)),Config!$G$9<>"Sim"),"",$D40+Config!$F$9+IF(AND(Config!$F$9>0,WEEKDAY($D40+Config!$F$9)=Config!$E$24),1,0)) | M40: =IF(OR(NOT(ISNUMBER($D40)),Config!$G$10<>"Sim"),"",$D40+Config!$F$10+IF(AND(Config!$F$10>0,WEEKDAY($D40+Config!$F$10)=Config!$E$24),1,0)) | O40: =IF(OR(NOT(ISNUMBER($D40)),Config!$G$11<>"Sim"),"",$D40+Config!$F$11+IF(AND(Config!$F$11>0,WEEKDAY($D40+Config!$F$11)=Config!$E$24),1,0)) | Q40: =IF(COUNT(E40,G40,I40,K40,M40,O40)=0,"",((E40<>"")*(F40<>"")+(G40<>"")*(H40<>"")+(I40<>"")*(J40<>"")+(K40<>"")*(L40<>"")+(M40<>"")*(N40<>"")+(O40<>"")*(P40<>""))/COUNT(E40,G40,I40,K40,M40,O40)) | R40: =IF(T40="","",IF(T40=99999,"",T40)) | S40: =IF(T40="","",IF(T40=99999,"Concluído",IF(T40<TODAY(),"Atrasado",IF(T40=TODAY(),"Hoje","Em dia")))) | T40: =IF(COUNT(E40,G40,I40,K40,M40,O40)=0,"",MIN(IF(AND(E40<>"",F40=""),E40,99999),IF(AND(G40<>"",H40=""),G40,99999),IF(AND(I40<>"",J40=""),I40,99999),IF(AND(K40<>"",L40=""),K40,99999),IF(AND(M40<>"",N40=""),M40,99999),IF(AND(O40<>"",P40=""),O40,99999)))
A41: 36 | E41: =IF(OR(NOT(ISNUMBER($D41)),Config!$G$6<>"Sim"),"",$D41+Config!$F$6+IF(AND(Config!$F$6>0,WEEKDAY($D41+Config!$F$6)=Config!$E$24),1,0)) | G41: =IF(OR(NOT(ISNUMBER($D41)),Config!$G$7<>"Sim"),"",$D41+Config!$F$7+IF(AND(Config!$F$7>0,WEEKDAY($D41+Config!$F$7)=Config!$E$24),1,0)) | I41: =IF(OR(NOT(ISNUMBER($D41)),Config!$G$8<>"Sim"),"",$D41+Config!$F$8+IF(AND(Config!$F$8>0,WEEKDAY($D41+Config!$F$8)=Config!$E$24),1,0)) | K41: =IF(OR(NOT(ISNUMBER($D41)),Config!$G$9<>"Sim"),"",$D41+Config!$F$9+IF(AND(Config!$F$9>0,WEEKDAY($D41+Config!$F$9)=Config!$E$24),1,0)) | M41: =IF(OR(NOT(ISNUMBER($D41)),Config!$G$10<>"Sim"),"",$D41+Config!$F$10+IF(AND(Config!$F$10>0,WEEKDAY($D41+Config!$F$10)=Config!$E$24),1,0)) | O41: =IF(OR(NOT(ISNUMBER($D41)),Config!$G$11<>"Sim"),"",$D41+Config!$F$11+IF(AND(Config!$F$11>0,WEEKDAY($D41+Config!$F$11)=Config!$E$24),1,0)) | Q41: =IF(COUNT(E41,G41,I41,K41,M41,O41)=0,"",((E41<>"")*(F41<>"")+(G41<>"")*(H41<>"")+(I41<>"")*(J41<>"")+(K41<>"")*(L41<>"")+(M41<>"")*(N41<>"")+(O41<>"")*(P41<>""))/COUNT(E41,G41,I41,K41,M41,O41)) | R41: =IF(T41="","",IF(T41=99999,"",T41)) | S41: =IF(T41="","",IF(T41=99999,"Concluído",IF(T41<TODAY(),"Atrasado",IF(T41=TODAY(),"Hoje","Em dia")))) | T41: =IF(COUNT(E41,G41,I41,K41,M41,O41)=0,"",MIN(IF(AND(E41<>"",F41=""),E41,99999),IF(AND(G41<>"",H41=""),G41,99999),IF(AND(I41<>"",J41=""),I41,99999),IF(AND(K41<>"",L41=""),K41,99999),IF(AND(M41<>"",N41=""),M41,99999),IF(AND(O41<>"",P41=""),O41,99999)))
A42: 37 | E42: =IF(OR(NOT(ISNUMBER($D42)),Config!$G$6<>"Sim"),"",$D42+Config!$F$6+IF(AND(Config!$F$6>0,WEEKDAY($D42+Config!$F$6)=Config!$E$24),1,0)) | G42: =IF(OR(NOT(ISNUMBER($D42)),Config!$G$7<>"Sim"),"",$D42+Config!$F$7+IF(AND(Config!$F$7>0,WEEKDAY($D42+Config!$F$7)=Config!$E$24),1,0)) | I42: =IF(OR(NOT(ISNUMBER($D42)),Config!$G$8<>"Sim"),"",$D42+Config!$F$8+IF(AND(Config!$F$8>0,WEEKDAY($D42+Config!$F$8)=Config!$E$24),1,0)) | K42: =IF(OR(NOT(ISNUMBER($D42)),Config!$G$9<>"Sim"),"",$D42+Config!$F$9+IF(AND(Config!$F$9>0,WEEKDAY($D42+Config!$F$9)=Config!$E$24),1,0)) | M42: =IF(OR(NOT(ISNUMBER($D42)),Config!$G$10<>"Sim"),"",$D42+Config!$F$10+IF(AND(Config!$F$10>0,WEEKDAY($D42+Config!$F$10)=Config!$E$24),1,0)) | O42: =IF(OR(NOT(ISNUMBER($D42)),Config!$G$11<>"Sim"),"",$D42+Config!$F$11+IF(AND(Config!$F$11>0,WEEKDAY($D42+Config!$F$11)=Config!$E$24),1,0)) | Q42: =IF(COUNT(E42,G42,I42,K42,M42,O42)=0,"",((E42<>"")*(F42<>"")+(G42<>"")*(H42<>"")+(I42<>"")*(J42<>"")+(K42<>"")*(L42<>"")+(M42<>"")*(N42<>"")+(O42<>"")*(P42<>""))/COUNT(E42,G42,I42,K42,M42,O42)) | R42: =IF(T42="","",IF(T42=99999,"",T42)) | S42: =IF(T42="","",IF(T42=99999,"Concluído",IF(T42<TODAY(),"Atrasado",IF(T42=TODAY(),"Hoje","Em dia")))) | T42: =IF(COUNT(E42,G42,I42,K42,M42,O42)=0,"",MIN(IF(AND(E42<>"",F42=""),E42,99999),IF(AND(G42<>"",H42=""),G42,99999),IF(AND(I42<>"",J42=""),I42,99999),IF(AND(K42<>"",L42=""),K42,99999),IF(AND(M42<>"",N42=""),M42,99999),IF(AND(O42<>"",P42=""),O42,99999)))
A43: 38 | E43: =IF(OR(NOT(ISNUMBER($D43)),Config!$G$6<>"Sim"),"",$D43+Config!$F$6+IF(AND(Config!$F$6>0,WEEKDAY($D43+Config!$F$6)=Config!$E$24),1,0)) | G43: =IF(OR(NOT(ISNUMBER($D43)),Config!$G$7<>"Sim"),"",$D43+Config!$F$7+IF(AND(Config!$F$7>0,WEEKDAY($D43+Config!$F$7)=Config!$E$24),1,0)) | I43: =IF(OR(NOT(ISNUMBER($D43)),Config!$G$8<>"Sim"),"",$D43+Config!$F$8+IF(AND(Config!$F$8>0,WEEKDAY($D43+Config!$F$8)=Config!$E$24),1,0)) | K43: =IF(OR(NOT(ISNUMBER($D43)),Config!$G$9<>"Sim"),"",$D43+Config!$F$9+IF(AND(Config!$F$9>0,WEEKDAY($D43+Config!$F$9)=Config!$E$24),1,0)) | M43: =IF(OR(NOT(ISNUMBER($D43)),Config!$G$10<>"Sim"),"",$D43+Config!$F$10+IF(AND(Config!$F$10>0,WEEKDAY($D43+Config!$F$10)=Config!$E$24),1,0)) | O43: =IF(OR(NOT(ISNUMBER($D43)),Config!$G$11<>"Sim"),"",$D43+Config!$F$11+IF(AND(Config!$F$11>0,WEEKDAY($D43+Config!$F$11)=Config!$E$24),1,0)) | Q43: =IF(COUNT(E43,G43,I43,K43,M43,O43)=0,"",((E43<>"")*(F43<>"")+(G43<>"")*(H43<>"")+(I43<>"")*(J43<>"")+(K43<>"")*(L43<>"")+(M43<>"")*(N43<>"")+(O43<>"")*(P43<>""))/COUNT(E43,G43,I43,K43,M43,O43)) | R43: =IF(T43="","",IF(T43=99999,"",T43)) | S43: =IF(T43="","",IF(T43=99999,"Concluído",IF(T43<TODAY(),"Atrasado",IF(T43=TODAY(),"Hoje","Em dia")))) | T43: =IF(COUNT(E43,G43,I43,K43,M43,O43)=0,"",MIN(IF(AND(E43<>"",F43=""),E43,99999),IF(AND(G43<>"",H43=""),G43,99999),IF(AND(I43<>"",J43=""),I43,99999),IF(AND(K43<>"",L43=""),K43,99999),IF(AND(M43<>"",N43=""),M43,99999),IF(AND(O43<>"",P43=""),O43,99999)))
... A305: 300 | E305: =IF(OR(NOT(ISNUMBER($D305)),Config!$G$6<>"Sim"),"",$D305+Config!$F$6+IF(AND(Config!$F$6>0,WEEKDAY($D305+Config!$F$6)=Config!$E$24),1,0)) | G305: =IF(OR(NOT(ISNUMBER($D305)),Config!$G$7<>"Sim"),"",$D305+Config!$F$7+IF(AND(Config!$F$7>0,WEEKDAY($D305+Config!$F$7)=Config!$E$24),1,0)) | I305: =IF(OR(NOT(ISNUMBER($D305)),Config!$G$8<>"Sim"),"",$D305+Config!$F$8+IF(AND(Config!$F$8>0,WEEKDAY($D305+Config!$F$8)=Config!$E$24),1,0)) | K305: =IF(OR(NOT(ISNUMBER($D305)),Config!$G$9<>"Sim"),"",$D305+Config!$F$9+IF(AND(Config!$F$9>0,WEEKDAY($D305+Config!$F$9)=Config!$E$24),1,0)) | M305: =IF(OR(NOT(ISNUMBER($D305)),Config!$G$10<>"Sim"),"",$D305+Config!$F$10+IF(AND(Config!$F$10>0,WEEKDAY($D305+Config!$F$10)=Config!$E$24),1,0)) | O305: =IF(OR(NOT(ISNUMBER($D305)),Config!$G$11<>"Sim"),"",$D305+Config!$F$11+IF(AND(Config!$F$11>0,WEEKDAY($D305+Config!$F$11)=Config!$E$24),1,0)) | Q305: =IF(COUNT(E305,G305,I305,K305,M305,O305)=0,"",((E305<>"")*(F305<>"")+(G305<>"")*(H305<>"")+(I305<>"")*(J305<>"")+(K305<>"")*(L305<>"")+(M305<>"")*(N305<>"")+(O305<>"")*(P305<>""))/COUNT(E305,G305,I305,K305,M305,O305)) | R305: =IF(T305="","",IF(T305=99999,"",T305)) | S305: =IF(T305="","",IF(T305=99999,"Concluído",IF(T305<TODAY(),"Atrasado",IF(T305=TODAY(),"Hoje","Em dia")))) | T305: =IF(COUNT(E305,G305,I305,K305,M305,O305)=0,"",MIN(IF(AND(E305<>"",F305=""),E305,99999),IF(AND(G305<>"",H305=""),G305,99999),IF(AND(I305<>"",J305=""),I305,99999),IF(AND(K305<>"",L305=""),K305,99999),IF(AND(M305<>"",N305=""),M305,99999),IF(AND(O305<>"",P305=""),O305,99999)))

Sheet Avulsos
A1: Avulsos — simulados, questões e compromissos
A2: Eventos com data fixa que não seguem as revisões automáticas (ex.: simulado UFCSPA, bloco de 100 questões, plantão).
A3: A categoria define a cor no calendário. Marque ✓ (ou x) em Feito quando concluir.
A5: Nº | B5: Data | C5: Título / descrição | D5: Categoria | E5: Grande Área (opcional) | F5: Feito | G5: Observações
A6: 1 | B6: 46301 | C6: UFCSPA 2026 | D6: Simulado | F6: ✓ | G6: Prova na íntegra
A7: 2
A8: 3
A9: 4
A10: 5
A11: 6
A12: 7
A13: 8
A14: 9
A15: 10
A16: 11
A17: 12
A18: 13
... A205: 200

Sheet Calendário
B1: AGENDADOR DE REVISÕES | F1: Mês | H1: Semana | J1: Tabela | L1: Painel | N1: + Novo tema
B2: MÊS ▸ | D2: Outubro | F2: ANO ▸ | H2: 2026 | J2: HOJE ▸ | L2: =TODAY() -> 46303 | N2: =COUNTIFS(Base!$K$5:$K$2004,"✓",Base!$E$5:$E$2004,">="&$R$3,Base!$E$5:$E$2004,"<="&$R$4)&" de "&COUNTIFS(Base!$E$5:$E$2004,">="&$R$3,Base!$E$5:$E$2004,"<="&$R$4)&" concluídos no mês" -> 3 de 89 concluídos no mês | Q2: Nº do mês | R2: =IFERROR(MATCH($D$2,Config!$I$6:$I$17,0),MONTH(TODAY())) -> 10
B3: =$D$2&" "&$H$2 -> Outubro 2026 | Q3: 1º dia do mês | R3: =DATE(IF(ISNUMBER($H$2),$H$2,YEAR(TODAY())),$R$2,1) -> 46296
C4: =" "&UPPER(Config!$C$15)&" ("&COUNTIFS(Base!$I$5:$I$2004,Config!$C$15,Base!$E$5:$E$2004,">="&$R$3,Base!$E$5:$E$2004,"<="&$R$4)&")" -> TEÓRICA (20) | E4: =" "&UPPER(Config!$C$16)&" ("&COUNTIFS(Base!$I$5:$I$2004,Config!$C$16,Base!$E$5:$E$2004,">="&$R$3,Base!$E$5:$E$2004,"<="&$R$4)&")" -> REVISÃO (20) | G4: =" "&UPPER(Config!$C$17)&" ("&COUNTIFS(Base!$I$5:$I$2004,Config!$C$17,Base!$E$5:$E$2004,">="&$R$3,Base!$E$5:$E$2004,"<="&$R$4)&")" -> PRÁTICA (48) | I4: =" "&UPPER(Config!$C$18)&" ("&COUNTIFS(Base!$I$5:$I$2004,Config!$C$18,Base!$E$5:$E$2004,">="&$R$3,Base!$E$5:$E$2004,"<="&$R$4)&")" -> SIMULADO (1) | K4: =" "&UPPER(Config!$C$19)&" ("&COUNTIFS(Base!$I$5:$I$2004,Config!$C$19,Base!$E$5:$E$2004,">="&$R$3,Base!$E$5:$E$2004,"<="&$R$4)&")" -> OUTRO (0) | L4: riscado com ✓ = concluído | Q4: Último dia do mês | R4: =DATE(YEAR($R$3),$R$2+1,0) -> 46326
Q5: Início da grade (dom) | R5: =$R$3-WEEKDAY($R$3)+1 -> 46292
B6: DOM | D6: SEG | F6: TER | H6: QUA | J6: QUI | L6: SEX | N6: SAB
C7: =$R$5+0 -> 46292 | E7: =$R$5+1 -> 46293 | G7: =$R$5+2 -> 46294 | I7: =$R$5+3 -> 46295 | K7: =$R$5+4 -> 46296 | M7: =$R$5+5 -> 46297 | O7: =$R$5+6 -> 46298
B8: =IFERROR(INDEX(Base!$N$5:$N$2004,MATCH(C7*100+1,Base!$P$5:$P$2004,0)),"") -> TEOx | C8: =IFERROR(INDEX(Base!$M$5:$M$2004,MATCH(C7*100+1,Base!$P$5:$P$2004,0)),"") -> ✓ T · Cardiopediatria | D8: =IFERROR(INDEX(Base!$N$5:$N$2004,MATCH(E7*100+1,Base!$P$5:$P$2004,0)),"") -> REVx | E8: =IFERROR(INDEX(Base!$M$5:$M$2004,MATCH(E7*100+1,Base!$P$5:$P$2004,0)),"") -> ✓ R1 · Cardiopediatria | F8: =IFERROR(INDEX(Base!$N$5:$N$2004,MATCH(G7*100+1,Base!$P$5:$P$2004,0)),"") -> REVx | G8: =IFERROR(INDEX(Base!$M$5:$M$2004,MATCH(G7*100+1,Base!$P$5:$P$2004,0)),"") -> ✓ R1 · Doenças da Tireoide | H8: =IFERROR(INDEX(Base!$N$5:$N$2004,MATCH(I7*100+1,Base!$P$5:$P$2004,0)),"") | I8: =IFERROR(INDEX(Base!$M$5:$M$2004,MATCH(I7*100+1,Base!$P$5:$P$2004,0)),"") | J8: =IFERROR(INDEX(Base!$N$5:$N$2004,MATCH(K7*100+1,Base!$P$5:$P$2004,0)),"") | K8: =IFERROR(INDEX(Base!$M$5:$M$2004,MATCH(K7*100+1,Base!$P$5:$P$2004,0)),"") | L8: =IFERROR(INDEX(Base!$N$5:$N$2004,MATCH(M7*100+1,Base!$P$5:$P$2004,0)),"") -> TEOx | M8: =IFERROR(INDEX(Base!$M$5:$M$2004,MATCH(M7*100+1,Base!$P$5:$P$2004,0)),"") -> ✓ T · ATB | N8: =IFERROR(INDEX(Base!$N$5:$N$2004,MATCH(O7*100+1,Base!$P$5:$P$2004,0)),"") -> REV | O8: =IFERROR(INDEX(Base!$M$5:$M$2004,MATCH(O7*100+1,Base!$P$5:$P$2004,0)),"") -> R1 · ATB
B9: =IFERROR(INDEX(Base!$N$5:$N$2004,MATCH(C7*100+2,Base!$P$5:$P$2004,0)),"") -> TEOx | C9: =IFERROR(INDEX(Base!$M$5:$M$2004,MATCH(C7*100+2,Base!$P$5:$P$2004,0)),"") -> ✓ T · Nefrologia Pediátrica / ITU | D9: =IFERROR(INDEX(Base!$N$5:$N$2004,MATCH(E7*100+2,Base!$P$5:$P$2004,0)),"") -> REVx | E9: =IFERROR(INDEX(Base!$M$5:$M$2004,MATCH(E7*100+2,Base!$P$5:$P$2004,0)),"") -> ✓ R1 · Nefrologia Pediátrica / ITU | F9: =IFERROR(INDEX(Base!$N$5:$N$2004,MATCH(G7*100+2,Base!$P$5:$P$2004,0)),"") -> REV | G9: =IFERROR(INDEX(Base!$M$5:$M$2004,MATCH(G7*100+2,Base!$P$5:$P$2004,0)),"") -> R1 · Valvopatias | H9: =IFERROR(INDEX(Base!$N$5:$N$2004,MATCH(I7*100+2,Base!$P$5:$P$2004,0)),"") | I9: =IFERROR(INDEX(Base!$M$5:$M$2004,MATCH(I7*100+2,Base!$P$5:$P$2004,0)),"") | J9: =IFERROR(INDEX(Base!$N$5:$N$2004,MATCH(K7*100+2,Base!$P$5:$P$2004,0)),"") | K9: =IFERROR(INDEX(Base!$M$5:$M$2004,MATCH(K7*100+2,Base!$P$5:$P$2004,0)),"") | L9: =IFERROR(INDEX(Base!$N$5:$N$2004,MATCH(M7*100+2,Base!$P$5:$P$2004,0)),"") | M9: =IFERROR(INDEX(Base!$M$5:$M$2004,MATCH(M7*100+2,Base!$P$5:$P$2004,0)),"") | N9: =IFERROR(INDEX(Base!$N$5:$N$2004,MATCH(O7*100+2,Base!$P$5:$P$2004,0)),"") | O9: =IFERROR(INDEX(Base!$M$5:$M$2004,MATCH(O7*100+2,Base!$P$5:$P$2004,0)),"")
B10: =IFERROR(INDEX(Base!$N$5:$N$2004,MATCH(C7*100+3,Base!$P$5:$P$2004,0)),"") -> TEOx | C10: =IFERROR(INDEX(Base!$M$5:$M$2004,MATCH(C7*100+3,Base!$P$5:$P$2004,0)),"") -> ✓ T · Asma e DPOC | D10: =IFERROR(INDEX(Base!$N$5:$N$2004,MATCH(E7*100+3,Base!$P$5:$P$2004,0)),"") -> REVx | E10: =IFERROR(INDEX(Base!$M$5:$M$2004,MATCH(E7*100+3,Base!$P$5:$P$2004,0)),"") -> ✓ R1 · Asma e DPOC | F10: =IFERROR(INDEX(Base!$N$5:$N$2004,MATCH(G7*100+3,Base!$P$5:$P$2004,0)),"") -> REV | G10: =IFERROR(INDEX(Base!$M$5:$M$2004,MATCH(G7*100+3,Base!$P$5:$P$2004,0)),"") -> R1 · Demência e Parkinson | H10: =IFERROR(INDEX(Base!$N$5:$N$2004,MATCH(I7*100+3,Base!$P$5:$P$2004,0)),"") | I10: =IFERROR(INDEX(Base!$M$5:$M$2004,MATCH(I7*100+3,Base!$P$5:$P$2004,0)),"") | J10: =IFERROR(INDEX(Base!$N$5:$N$2004,MATCH(K7*100+3,Base!$P$5:$P$2004,0)),"") | K10: =IFERROR(INDEX(Base!$M$5:$M$2004,MATCH(K7*100+3,Base!$P$5:$P$2004,0)),"") | L10: =IFERROR(INDEX(Base!$N$5:$N$2004,MATCH(M7*100+3,Base!$P$5:$P$2004,0)),"") | M10: =IFERROR(INDEX(Base!$M$5:$M$2004,MATCH(M7*100+3,Base!$P$5:$P$2004,0)),"") | N10: =IFERROR(INDEX(Base!$N$5:$N$2004,MATCH(O7*100+3,Base!$P$5:$P$2004,0)),"") | O10: =IFERROR(INDEX(Base!$M$5:$M$2004,MATCH(O7*100+3,Base!$P$5:$P$2004,0)),"")
B11: =IFERROR(INDEX(Base!$N$5:$N$2004,MATCH(C7*100+4,Base!$P$5:$P$2004,0)),"") | C11: =IFERROR(INDEX(Base!$M$5:$M$2004,MATCH(C7*100+4,Base!$P$5:$P$2004,0)),"") | D11: =IFERROR(INDEX(Base!$N$5:$N$2004,MATCH(E7*100+4,Base!$P$5:$P$2004,0)),"") -> TEOx | E11: =IFERROR(INDEX(Base!$M$5:$M$2004,MATCH(E7*100+4,Base!$P$5:$P$2004,0)),"") -> ✓ T · Doenças da Tireoide | F11: =IFERROR(INDEX(Base!$N$5:$N$2004,MATCH(G7*100+4,Base!$P$5:$P$2004,0)),"") | G11: =IFERROR(INDEX(Base!$M$5:$M$2004,MATCH(G7*100+4,Base!$P$5:$P$2004,0)),"") | H11: =IFERROR(INDEX(Base!$N$5:$N$2004,MATCH(I7*100+4,Base!$P$5:$P$2004,0)),"") | I11: =IFERROR(INDEX(Base!$M$5:$M$2004,MATCH(I7*100+4,Base!$P$5:$P$2004,0)),"") | J11: =IFERROR(INDEX(Base!$N$5:$N$2004,MATCH(K7*100+4,Base!$P$5:$P$2004,0)),"") | K11: =IFERROR(INDEX(Base!$M$5:$M$2004,MATCH(K7*100+4,Base!$P$5:$P$2004,0)),"") | L11: =IFERROR(INDEX(Base!$N$5:$N$2004,MATCH(M7*100+4,Base!$P$5:$P$2004,0)),"") | M11: =IFERROR(INDEX(Base!$M$5:$M$2004,MATCH(M7*100+4,Base!$P$5:$P$2004,0)),"") | N11: =IFERROR(INDEX(Base!$N$5:$N$2004,MATCH(O7*100+4,Base!$P$5:$P$2004,0)),"") | O11: =IFERROR(INDEX(Base!$M$5:$M$2004,MATCH(O7*100+4,Base!$P$5:$P$2004,0)),"")
B12: =IFERROR(INDEX(Base!$N$5:$N$2004,MATCH(C7*100+5,Base!$P$5:$P$2004,0)),"") | C12: =IFERROR(INDEX(Base!$M$5:$M$2004,MATCH(C7*100+5,Base!$P$5:$P$2004,0)),"") | D12: =IFERROR(INDEX(Base!$N$5:$N$2004,MATCH(E7*100+5,Base!$P$5:$P$2004,0)),"") -> TEO | E12: =IFERROR(INDEX(Base!$M$5:$M$2004,MATCH(E7*100+5,Base!$P$5:$P$2004,0)),"") -> T · Valvopatias | F12: =IFERROR(INDEX(Base!$N$5:$N$2004,MATCH(G7*100+5,Base!$P$5:$P$2004,0)),"") | G12: =IFERROR(INDEX(Base!$M$5:$M$2004,MATCH(G7*100+5,Base!$P$5:$P$2004,0)),"") | H12: =IFERROR(INDEX(Base!$N$5:$N$2004,MATCH(I7*100+5,Base!$P$5:$P$2004,0)),"") | I12: =IFERROR(INDEX(Base!$M$5:$M$2004,MATCH(I7*100+5,Base!$P$5:$P$2004,0)),"") | J12: =IFERROR(INDEX(Base!$N$5:$N$2004,MATCH(K7*100+5,Base!$P$5:$P$2004,0)),"") | K12: =IFERROR(INDEX(Base!$M$5:$M$2004,MATCH(K7*100+5,Base!$P$5:$P$2004,0)),"") | L12: =IFERROR(INDEX(Base!$N$5:$N$2004,MATCH(M7*100+5,Base!$P$5:$P$2004,0)),"") | M12: =IFERROR(INDEX(Base!$M$5:$M$2004,MATCH(M7*100+5,Base!$P$5:$P$2004,0)),"") | N12: =IFERROR(INDEX(Base!$N$5:$N$2004,MATCH(O7*100+5,Base!$P$5:$P$2004,0)),"") | O12: =IFERROR(INDEX(Base!$M$5:$M$2004,MATCH(O7*100+5,Base!$P$5:$P$2004,0)),"")
B13: =IFERROR(INDEX(Base!$N$5:$N$2004,MATCH(C7*100+6,Base!$P$5:$P$2004,0)),"") | C13: =IFERROR(INDEX(Base!$M$5:$M$2004,MATCH(C7*100+6,Base!$P$5:$P$2004,0)),"") | D13: =IFERROR(INDEX(Base!$N$5:$N$2004,MATCH(E7*100+6,Base!$P$5:$P$2004,0)),"") -> TEO | E13: =IFERROR(INDEX(Base!$M$5:$M$2004,MATCH(E7*100+6,Base!$P$5:$P$2004,0)),"") -> T · Demência e Parkinson | F13: =IFERROR(INDEX(Base!$N$5:$N$2004,MATCH(G7*100+6,Base!$P$5:$P$2004,0)),"") | G13: =IFERROR(INDEX(Base!$M$5:$M$2004,MATCH(G7*100+6,Base!$P$5:$P$2004,0)),"") | H13: =IFERROR(INDEX(Base!$N$5:$N$2004,MATCH(I7*100+6,Base!$P$5:$P$2004,0)),"") | I13: =IFERROR(INDEX(Base!$M$5:$M$2004,MATCH(I7*100+6,Base!$P$5:$P$2004,0)),"") | J13: =IFERROR(INDEX(Base!$N$5:$N$2004,MATCH(K7*100+6,Base!$P$5:$P$2004,0)),"") | K13: =IFERROR(INDEX(Base!$M$5:$M$2004,MATCH(K7*100+6,Base!$P$5:$P$2004,0)),"") | L13: =IFERROR(INDEX(Base!$N$5:$N$2004,MATCH(M7*100+6,Base!$P$5:$P$2004,0)),"") | M13: =IFERROR(INDEX(Base!$M$5:$M$2004,MATCH(M7*100+6,Base!$P$5:$P$2004,0)),"") | N13: =IFERROR(INDEX(Base!$N$5:$N$2004,MATCH(O7*100+6,Base!$P$5:$P$2004,0)),"") | O13: =IFERROR(INDEX(Base!$M$5:$M$2004,MATCH(O7*100+6,Base!$P$5:$P$2004,0)),"")
C14: =IF(COUNTIF(Base!$E$5:$E$2004,C7)>6,"+"&(COUNTIF(Base!$E$5:$E$2004,C7)-6)&" mais","") | E14: =IF(COUNTIF(Base!$E$5:$E$2004,E7)>6,"+"&(COUNTIF(Base!$E$5:$E$2004,E7)-6)&" mais","") | G14: =IF(COUNTIF(Base!$E$5:$E$2004,G7)>6,"+"&(COUNTIF(Base!$E$5:$E$2004,G7)-6)&" mais","") | I14: =IF(COUNTIF(Base!$E$5:$E$2004,I7)>6,"+"&(COUNTIF(Base!$E$5:$E$2004,I7)-6)&" mais","") | K14: =IF(COUNTIF(Base!$E$5:$E$2004,K7)>6,"+"&(COUNTIF(Base!$E$5:$E$2004,K7)-6)&" mais","") | M14: =IF(COUNTIF(Base!$E$5:$E$2004,M7)>6,"+"&(COUNTIF(Base!$E$5:$E$2004,M7)-6)&" mais","") | O14: =IF(COUNTIF(Base!$E$5:$E$2004,O7)>6,"+"&(COUNTIF(Base!$E$5:$E$2004,O7)-6)&" mais","")
C15: =$R$5+7 -> 46299 | E15: =$R$5+8 -> 46300 | G15: =$R$5+9 -> 46301 | I15: =$R$5+10 -> 46302 | K15: =$R$5+11 -> 46303 | M15: =$R$5+12 -> 46304 | O15: =$R$5+13 -> 46305
B16: =IFERROR(INDEX(Base!$N$5:$N$2004,MATCH(C15*100+1,Base!$P$5:$P$2004,0)),"") -> PRA | C16: =IFERROR(INDEX(Base!$M$5:$M$2004,MATCH(C15*100+1,Base!$P$5:$P$2004,0)),"") -> R2 · Cardiopediatria | D16: =IFERROR(INDEX(Base!$N$5:$N$2004,MATCH(E15*100+1,Base!$P$5:$P$2004,0)),"") -> PRA | E16: =IFERROR(INDEX(Base!$M$5:$M$2004,MATCH(E15*100+1,Base!$P$5:$P$2004,0)),"") -> R2 · Doenças da Tireoide | F16: =IFERROR(INDEX(Base!$N$5:$N$2004,MATCH(G15*100+1,Base!$P$5:$P$2004,0)),"") -> REV | G16: =IFERROR(INDEX(Base!$M$5:$M$2004,MATCH(G15*100+1,Base!$P$5:$P$2004,0)),"") -> R1 · Transtornos Psiquiátricos I | H16: =IFERROR(INDEX(Base!$N$5:$N$2004,MATCH(I15*100+1,Base!$P$5:$P$2004,0)),"") | I16: =IFERROR(INDEX(Base!$M$5:$M$2004,MATCH(I15*100+1,Base!$P$5:$P$2004,0)),"") | J16: =IFERROR(INDEX(Base!$N$5:$N$2004,MATCH(K15*100+1,Base!$P$5:$P$2004,0)),"") -> TEOx | K16: =IFERROR(INDEX(Base!$M$5:$M$2004,MATCH(K15*100+1,Base!$P$5:$P$2004,0)),"") -> ✓ T · Síndromes Febris — Dengue | L16: =IFERROR(INDEX(Base!$N$5:$N$2004,MATCH(M15*100+1,Base!$P$5:$P$2004,0)),"") -> PRA | M16: =IFERROR(INDEX(Base!$M$5:$M$2004,MATCH(M15*100+1,Base!$P$5:$P$2004,0)),"") -> R2 · ATB | N16: =IFERROR(INDEX(Base!$N$5:$N$2004,MATCH(O15*100+1,Base!$P$5:$P$2004,0)),"") | O16: =IFERROR(INDEX(Base!$M$5:$M$2004,MATCH(O15*100+1,Base!$P$5:$P$2004,0)),"")
B17: =IFERROR(INDEX(Base!$N$5:$N$2004,MATCH(C15*100+2,Base!$P$5:$P$2004,0)),"") -> PRA | C17: =IFERROR(INDEX(Base!$M$5:$M$2004,MATCH(C15*100+2,Base!$P$5:$P$2004,0)),"") -> R2 · Nefrologia Pediátrica / ITU | D17: =IFERROR(INDEX(Base!$N$5:$N$2004,MATCH(E15*100+2,Base!$P$5:$P$2004,0)),"") -> PRA | E17: =IFERROR(INDEX(Base!$M$5:$M$2004,MATCH(E15*100+2,Base!$P$5:$P$2004,0)),"") -> R2 · Valvopatias | F17: =IFERROR(INDEX(Base!$N$5:$N$2004,MATCH(G15*100+2,Base!$P$5:$P$2004,0)),"") -> SIMx | G17: =IFERROR(INDEX(Base!$M$5:$M$2004,MATCH(G15*100+2,Base!$P$5:$P$2004,0)),"") -> ✓ SIM · UFCSPA 2026 | H17: =IFERROR(INDEX(Base!$N$5:$N$2004,MATCH(I15*100+2,Base!$P$5:$P$2004,0)),"") | I17: =IFERROR(INDEX(Base!$M$5:$M$2004,MATCH(I15*100+2,Base!$P$5:$P$2004,0)),"") | J17: =IFERROR(INDEX(Base!$N$5:$N$2004,MATCH(K15*100+2,Base!$P$5:$P$2004,0)),"") | K17: =IFERROR(INDEX(Base!$M$5:$M$2004,MATCH(K15*100+2,Base!$P$5:$P$2004,0)),"") | L17: =IFERROR(INDEX(Base!$N$5:$N$2004,MATCH(M15*100+2,Base!$P$5:$P$2004,0)),"") -> REV | M17: =IFERROR(INDEX(Base!$M$5:$M$2004,MATCH(M15*100+2,Base!$P$5:$P$2004,0)),"") -> R1 · Síndromes Febris — Dengue | N17: =IFERROR(INDEX(Base!$N$5:$N$2004,MATCH(O15*100+2,Base!$P$5:$P$2004,0)),"") | O17: =IFERROR(INDEX(Base!$M$5:$M$2004,MATCH(O15*100+2,Base!$P$5:$P$2004,0)),"")
B18: =IFERROR(INDEX(Base!$N$5:$N$2004,MATCH(C15*100+3,Base!$P$5:$P$2004,0)),"") -> PRA | C18: =IFERROR(INDEX(Base!$M$5:$M$2004,MATCH(C15*100+3,Base!$P$5:$P$2004,0)),"") -> R2 · Asma e DPOC | D18: =IFERROR(INDEX(Base!$N$5:$N$2004,MATCH(E15*100+3,Base!$P$5:$P$2004,0)),"") -> PRA | E18: =IFERROR(INDEX(Base!$M$5:$M$2004,MATCH(E15*100+3,Base!$P$5:$P$2004,0)),"") -> R2 · Demência e Parkinson | F18: =IFERROR(INDEX(Base!$N$5:$N$2004,MATCH(G15*100+3,Base!$P$5:$P$2004,0)),"") | G18: =IFERROR(INDEX(Base!$M$5:$M$2004,MATCH(G15*100+3,Base!$P$5:$P$2004,0)),"") | H18: =IFERROR(INDEX(Base!$N$5:$N$2004,MATCH(I15*100+3,Base!$P$5:$P$2004,0)),"") | I18: =IFERROR(INDEX(Base!$M$5:$M$2004,MATCH(I15*100+3,Base!$P$5:$P$2004,0)),"") | J18: =IFERROR(INDEX(Base!$N$5:$N$2004,MATCH(K15*100+3,Base!$P$5:$P$2004,0)),"") | K18: =IFERROR(INDEX(Base!$M$5:$M$2004,MATCH(K15*100+3,Base!$P$5:$P$2004,0)),"") | L18: =IFERROR(INDEX(Base!$N$5:$N$2004,MATCH(M15*100+3,Base!$P$5:$P$2004,0)),"") | M18: =IFERROR(INDEX(Base!$M$5:$M$2004,MATCH(M15*100+3,Base!$P$5:$P$2004,0)),"") | N18: =IFERROR(INDEX(Base!$N$5:$N$2004,MATCH(O15*100+3,Base!$P$5:$P$2004,0)),"") | O18: =IFERROR(INDEX(Base!$M$5:$M$2004,MATCH(O15*100+3,Base!$P$5:$P$2004,0)),"")
B19: =IFERROR(INDEX(Base!$N$5:$N$2004,MATCH(C15*100+4,Base!$P$5:$P$2004,0)),"") | C19: =IFERROR(INDEX(Base!$M$5:$M$2004,MATCH(C15*100+4,Base!$P$5:$P$2004,0)),"") | D19: =IFERROR(INDEX(Base!$N$5:$N$2004,MATCH(E15*100+4,Base!$P$5:$P$2004,0)),"") -> TEO | E19: =IFERROR(INDEX(Base!$M$5:$M$2004,MATCH(E15*100+4,Base!$P$5:$P$2004,0)),"") -> T · Transtornos Psiquiátricos I | F19: =IFERROR(INDEX(Base!$N$5:$N$2004,MATCH(G15*100+4,Base!$P$5:$P$2004,0)),"") | G19: =IFERROR(INDEX(Base!$M$5:$M$2004,MATCH(G15*100+4,Base!$P$5:$P$2004,0)),"") | H19: =IFERROR(INDEX(Base!$N$5:$N$2004,MATCH(I15*100+4,Base!$P$5:$P$2004,0)),"") | I19: =IFERROR(INDEX(Base!$M$5:$M$2004,MATCH(I15*100+4,Base!$P$5:$P$2004,0)),"") | J19: =IFERROR(INDEX(Base!$N$5:$N$2004,MATCH(K15*100+4,Base!$P$5:$P$2004,0)),"") | K19: =IFERROR(INDEX(Base!$M$5:$M$2004,MATCH(K15*100+4,Base!$P$5:$P$2004,0)),"") | L19: =IFERROR(INDEX(Base!$N$5:$N$2004,MATCH(M15*100+4,Base!$P$5:$P$2004,0)),"") | M19: =IFERROR(INDEX(Base!$M$5:$M$2004,MATCH(M15*100+4,Base!$P$5:$P$2004,0)),"") | N19: =IFERROR(INDEX(Base!$N$5:$N$2004,MATCH(O15*100+4,Base!$P$5:$P$2004,0)),"") | O19: =IFERROR(INDEX(Base!$M$5:$M$2004,MATCH(O15*100+4,Base!$P$5:$P$2004,0)),"")
B20: =IFERROR(INDEX(Base!$N$5:$N$2004,MATCH(C15*100+5,Base!$P$5:$P$2004,0)),"") | C20: =IFERROR(INDEX(Base!$M$5:$M$2004,MATCH(C15*100+5,Base!$P$5:$P$2004,0)),"") | D20: =IFERROR(INDEX(Base!$N$5:$N$2004,MATCH(E15*100+5,Base!$P$5:$P$2004,0)),"") | E20: =IFERROR(INDEX(Base!$M$5:$M$2004,MATCH(E15*100+5,Base!$P$5:$P$2004,0)),"") | F20: =IFERROR(INDEX(Base!$N$5:$N$2004,MATCH(G15*100+5,Base!$P$5:$P$2004,0)),"") | G20: =IFERROR(INDEX(Base!$M$5:$M$2004,MATCH(G15*100+5,Base!$P$5:$P$2004,0)),"") | H20: =IFERROR(INDEX(Base!$N$5:$N$2004,MATCH(I15*100+5,Base!$P$5:$P$2004,0)),"") | I20: =IFERROR(INDEX(Base!$M$5:$M$2004,MATCH(I15*100+5,Base!$P$5:$P$2004,0)),"") | J20: =IFERROR(INDEX(Base!$N$5:$N$2004,MATCH(K15*100+5,Base!$P$5:$P$2004,0)),"") | K20: =IFERROR(INDEX(Base!$M$5:$M$2004,MATCH(K15*100+5,Base!$P$5:$P$2004,0)),"") | L20: =IFERROR(INDEX(Base!$N$5:$N$2004,MATCH(M15*100+5,Base!$P$5:$P$2004,0)),"") | M20: =IFERROR(INDEX(Base!$M$5:$M$2004,MATCH(M15*100+5,Base!$P$5:$P$2004,0)),"") | N20: =IFERROR(INDEX(Base!$N$5:$N$2004,MATCH(O15*100+5,Base!$P$5:$P$2004,0)),"") | O20: =IFERROR(INDEX(Base!$M$5:$M$2004,MATCH(O15*100+5,Base!$P$5:$P$2004,0)),"")
B21: =IFERROR(INDEX(Base!$N$5:$N$2004,MATCH(C15*100+6,Base!$P$5:$P$2004,0)),"") | C21: =IFERROR(INDEX(Base!$M$5:$M$2004,MATCH(C15*100+6,Base!$P$5:$P$2004,0)),"") | D21: =IFERROR(INDEX(Base!$N$5:$N$2004,MATCH(E15*100+6,Base!$P$5:$P$2004,0)),"") | E21: =IFERROR(INDEX(Base!$M$5:$M$2004,MATCH(E15*100+6,Base!$P$5:$P$2004,0)),"") | F21: =IFERROR(INDEX(Base!$N$5:$N$2004,MATCH(G15*100+6,Base!$P$5:$P$2004,0)),"") | G21: =IFERROR(INDEX(Base!$M$5:$M$2004,MATCH(G15*100+6,Base!$P$5:$P$2004,0)),"") | H21: =IFERROR(INDEX(Base!$N$5:$N$2004,MATCH(I15*100+6,Base!$P$5:$P$2004,0)),"") | I21: =IFERROR(INDEX(Base!$M$5:$M$2004,MATCH(I15*100+6,Base!$P$5:$P$2004,0)),"") | J21: =IFERROR(INDEX(Base!$N$5:$N$2004,MATCH(K15*100+6,Base!$P$5:$P$2004,0)),"") | K21: =IFERROR(INDEX(Base!$M$5:$M$2004,MATCH(K15*100+6,Base!$P$5:$P$2004,0)),"") | L21: =IFERROR(INDEX(Base!$N$5:$N$2004,MATCH(M15*100+6,Base!$P$5:$P$2004,0)),"") | M21: =IFERROR(INDEX(Base!$M$5:$M$2004,MATCH(M15*100+6,Base!$P$5:$P$2004,0)),"") | N21: =IFERROR(INDEX(Base!$N$5:$N$2004,MATCH(O15*100+6,Base!$P$5:$P$2004,0)),"") | O21: =IFERROR(INDEX(Base!$M$5:$M$2004,MATCH(O15*100+6,Base!$P$5:$P$2004,0)),"")
C22: =IF(COUNTIF(Base!$E$5:$E$2004,C15)>6,"+"&(COUNTIF(Base!$E$5:$E$2004,C15)-6)&" mais","") | E22: =IF(COUNTIF(Base!$E$5:$E$2004,E15)>6,"+"&(COUNTIF(Base!$E$5:$E$2004,E15)-6)&" mais","") | G22: =IF(COUNTIF(Base!$E$5:$E$2004,G15)>6,"+"&(COUNTIF(Base!$E$5:$E$2004,G15)-6)&" mais","") | I22: =IF(COUNTIF(Base!$E$5:$E$2004,I15)>6,"+"&(COUNTIF(Base!$E$5:$E$2004,I15)-6)&" mais","") | K22: =IF(COUNTIF(Base!$E$5:$E$2004,K15)>6,"+"&(COUNTIF(Base!$E$5:$E$2004,K15)-6)&" mais","") | M22: =IF(COUNTIF(Base!$E$5:$E$2004,M15)>6,"+"&(COUNTIF(Base!$E$5:$E$2004,M15)-6)&" mais","") | O22: =IF(COUNTIF(Base!$E$5:$E$2004,O15)>6,"+"&(COUNTIF(Base!$E$5:$E$2004,O15)-6)&" mais","")
C23: =$R$5+14 -> 46306 | E23: =$R$5+15 -> 46307 | G23: =$R$5+16 -> 46308 | I23: =$R$5+17 -> 46309 | K23: =$R$5+18 -> 46310 | M23: =$R$5+19 -> 46311 | O23: =$R$5+20 -> 46312
B24: =IFERROR(INDEX(Base!$N$5:$N$2004,MATCH(C23*100+1,Base!$P$5:$P$2004,0)),"") -> TEO | C24: =IFERROR(INDEX(Base!$M$5:$M$2004,MATCH(C23*100+1,Base!$P$5:$P$2004,0)),"") -> T · Endocardite Infecciosa / Meningites | D24: =IFERROR(INDEX(Base!$N$5:$N$2004,MATCH(E23*100+1,Base!$P$5:$P$2004,0)),"") -> PRA | E24: =IFERROR(INDEX(Base!$M$5:$M$2004,MATCH(E23*100+1,Base!$P$5:$P$2004,0)),"") -> R3 · Cardiopediatria | F24: =IFERROR(INDEX(Base!$N$5:$N$2004,MATCH(G23*100+1,Base!$P$5:$P$2004,0)),"") -> PRA | G24: =IFERROR(INDEX(Base!$M$5:$M$2004,MATCH(G23*100+1,Base!$P$5:$P$2004,0)),"") -> R3 · Doenças da Tireoide | H24: =IFERROR(INDEX(Base!$N$5:$N$2004,MATCH(I23*100+1,Base!$P$5:$P$2004,0)),"") -> TEO | I24: =IFERROR(INDEX(Base!$M$5:$M$2004,MATCH(I23*100+1,Base!$P$5:$P$2004,0)),"") -> T · Distúrbios Hipertensivos na Gestação | J24: =IFERROR(INDEX(Base!$N$5:$N$2004,MATCH(K23*100+1,Base!$P$5:$P$2004,0)),"") -> PRA | K24: =IFERROR(INDEX(Base!$M$5:$M$2004,MATCH(K23*100+1,Base!$P$5:$P$2004,0)),"") -> R2 · Síndromes Febris — Dengue | L24: =IFERROR(INDEX(Base!$N$5:$N$2004,MATCH(M23*100+1,Base!$P$5:$P$2004,0)),"") -> TEO | M24: =IFERROR(INDEX(Base!$M$5:$M$2004,MATCH(M23*100+1,Base!$P$5:$P$2004,0)),"") -> T · Doenças da Suprarrenal | N24: =IFERROR(INDEX(Base!$N$5:$N$2004,MATCH(O23*100+1,Base!$P$5:$P$2004,0)),"") -> PRA | O24: =IFERROR(INDEX(Base!$M$5:$M$2004,MATCH(O23*100+1,Base!$P$5:$P$2004,0)),"") -> R3 · ATB
B25: =IFERROR(INDEX(Base!$N$5:$N$2004,MATCH(C23*100+2,Base!$P$5:$P$2004,0)),"") | C25: =IFERROR(INDEX(Base!$M$5:$M$2004,MATCH(C23*100+2,Base!$P$5:$P$2004,0)),"") | D25: =IFERROR(INDEX(Base!$N$5:$N$2004,MATCH(E23*100+2,Base!$P$5:$P$2004,0)),"") -> PRA | E25: =IFERROR(INDEX(Base!$M$5:$M$2004,MATCH(E23*100+2,Base!$P$5:$P$2004,0)),"") -> R3 · Nefrologia Pediátrica / ITU | F25: =IFERROR(INDEX(Base!$N$5:$N$2004,MATCH(G23*100+2,Base!$P$5:$P$2004,0)),"") -> PRA | G25: =IFERROR(INDEX(Base!$M$5:$M$2004,MATCH(G23*100+2,Base!$P$5:$P$2004,0)),"") -> R3 · Valvopatias | H25: =IFERROR(INDEX(Base!$N$5:$N$2004,MATCH(I23*100+2,Base!$P$5:$P$2004,0)),"") -> TEO | I25: =IFERROR(INDEX(Base!$M$5:$M$2004,MATCH(I23*100+2,Base!$P$5:$P$2004,0)),"") -> T · Sofrimento Fetal e Vitalidade Fetal | J25: =IFERROR(INDEX(Base!$N$5:$N$2004,MATCH(K23*100+2,Base!$P$5:$P$2004,0)),"") -> REV | K25: =IFERROR(INDEX(Base!$M$5:$M$2004,MATCH(K23*100+2,Base!$P$5:$P$2004,0)),"") -> R1 · Distúrbios Hipertensivos na Gestação | L25: =IFERROR(INDEX(Base!$N$5:$N$2004,MATCH(M23*100+2,Base!$P$5:$P$2004,0)),"") -> TEO | M25: =IFERROR(INDEX(Base!$M$5:$M$2004,MATCH(M23*100+2,Base!$P$5:$P$2004,0)),"") -> T · Infecções Sexualmente Transmissíveis | N25: =IFERROR(INDEX(Base!$N$5:$N$2004,MATCH(O23*100+2,Base!$P$5:$P$2004,0)),"") -> REV | O25: =IFERROR(INDEX(Base!$M$5:$M$2004,MATCH(O23*100+2,Base!$P$5:$P$2004,0)),"") -> R1 · Doenças da Suprarrenal
B26: =IFERROR(INDEX(Base!$N$5:$N$2004,MATCH(C23*100+3,Base!$P$5:$P$2004,0)),"") | C26: =IFERROR(INDEX(Base!$M$5:$M$2004,MATCH(C23*100+3,Base!$P$5:$P$2004,0)),"") | D26: =IFERROR(INDEX(Base!$N$5:$N$2004,MATCH(E23*100+3,Base!$P$5:$P$2004,0)),"") -> PRA | E26: =IFERROR(INDEX(Base!$M$5:$M$2004,MATCH(E23*100+3,Base!$P$5:$P$2004,0)),"") -> R3 · Asma e DPOC | F26: =IFERROR(INDEX(Base!$N$5:$N$2004,MATCH(G23*100+3,Base!$P$5:$P$2004,0)),"") -> PRA | G26: =IFERROR(INDEX(Base!$M$5:$M$2004,MATCH(G23*100+3,Base!$P$5:$P$2004,0)),"") -> R3 · Demência e Parkinson | H26: =IFERROR(INDEX(Base!$N$5:$N$2004,MATCH(I23*100+3,Base!$P$5:$P$2004,0)),"") | I26: =IFERROR(INDEX(Base!$M$5:$M$2004,MATCH(I23*100+3,Base!$P$5:$P$2004,0)),"") | J26: =IFERROR(INDEX(Base!$N$5:$N$2004,MATCH(K23*100+3,Base!$P$5:$P$2004,0)),"") -> REV | K26: =IFERROR(INDEX(Base!$M$5:$M$2004,MATCH(K23*100+3,Base!$P$5:$P$2004,0)),"") -> R1 · Sofrimento Fetal e Vitalidade Fetal | L26: =IFERROR(INDEX(Base!$N$5:$N$2004,MATCH(M23*100+3,Base!$P$5:$P$2004,0)),"") -> TEO | M26: =IFERROR(INDEX(Base!$M$5:$M$2004,MATCH(M23*100+3,Base!$P$5:$P$2004,0)),"") -> T · Parasitoses Intestinais | N26: =IFERROR(INDEX(Base!$N$5:$N$2004,MATCH(O23*100+3,Base!$P$5:$P$2004,0)),"") -> REV | O26: =IFERROR(INDEX(Base!$M$5:$M$2004,MATCH(O23*100+3,Base!$P$5:$P$2004,0)),"") -> R1 · Infecções Sexualmente Transmissíveis
B27: =IFERROR(INDEX(Base!$N$5:$N$2004,MATCH(C23*100+4,Base!$P$5:$P$2004,0)),"") | C27: =IFERROR(INDEX(Base!$M$5:$M$2004,MATCH(C23*100+4,Base!$P$5:$P$2004,0)),"") | D27: =IFERROR(INDEX(Base!$N$5:$N$2004,MATCH(E23*100+4,Base!$P$5:$P$2004,0)),"") -> PRA | E27: =IFERROR(INDEX(Base!$M$5:$M$2004,MATCH(E23*100+4,Base!$P$5:$P$2004,0)),"") -> R2 · Transtornos Psiquiátricos I | F27: =IFERROR(INDEX(Base!$N$5:$N$2004,MATCH(G23*100+4,Base!$P$5:$P$2004,0)),"") -> REV | G27: =IFERROR(INDEX(Base!$M$5:$M$2004,MATCH(G23*100+4,Base!$P$5:$P$2004,0)),"") -> R1 · Especialidade Cirúrgica I | H27: =IFERROR(INDEX(Base!$N$5:$N$2004,MATCH(I23*100+4,Base!$P$5:$P$2004,0)),"") | I27: =IFERROR(INDEX(Base!$M$5:$M$2004,MATCH(I23*100+4,Base!$P$5:$P$2004,0)),"") | J27: =IFERROR(INDEX(Base!$N$5:$N$2004,MATCH(K23*100+4,Base!$P$5:$P$2004,0)),"") | K27: =IFERROR(INDEX(Base!$M$5:$M$2004,MATCH(K23*100+4,Base!$P$5:$P$2004,0)),"") | L27: =IFERROR(INDEX(Base!$N$5:$N$2004,MATCH(M23*100+4,Base!$P$5:$P$2004,0)),"") -> TEO | M27: =IFERROR(INDEX(Base!$M$5:$M$2004,MATCH(M23*100+4,Base!$P$5:$P$2004,0)),"") -> T · HIV/AIDS | N27: =IFERROR(INDEX(Base!$N$5:$N$2004,MATCH(O23*100+4,Base!$P$5:$P$2004,0)),"") -> REV | O27: =IFERROR(INDEX(Base!$M$5:$M$2004,MATCH(O23*100+4,Base!$P$5:$P$2004,0)),"") -> R1 · Parasitoses Intestinais
B28: =IFERROR(INDEX(Base!$N$5:$N$2004,MATCH(C23*100+5,Base!$P$5:$P$2004,0)),"") | C28: =IFERROR(INDEX(Base!$M$5:$M$2004,MATCH(C23*100+5,Base!$P$5:$P$2004,0)),"") | D28: =IFERROR(INDEX(Base!$N$5:$N$2004,MATCH(E23*100+5,Base!$P$5:$P$2004,0)),"") -> REV | E28: =IFERROR(INDEX(Base!$M$5:$M$2004,MATCH(E23*100+5,Base!$P$5:$P$2004,0)),"") -> R1 · Endocardite Infecciosa / Meningites | F28: =IFERROR(INDEX(Base!$N$5:$N$2004,MATCH(G23*100+5,Base!$P$5:$P$2004,0)),"") -> REV | G28: =IFERROR(INDEX(Base!$M$5:$M$2004,MATCH(G23*100+5,Base!$P$5:$P$2004,0)),"") -> R1 · Especialidade Cirúrgica II | H28: =IFERROR(INDEX(Base!$N$5:$N$2004,MATCH(I23*100+5,Base!$P$5:$P$2004,0)),"") | I28: =IFERROR(INDEX(Base!$M$5:$M$2004,MATCH(I23*100+5,Base!$P$5:$P$2004,0)),"") | J28: =IFERROR(INDEX(Base!$N$5:$N$2004,MATCH(K23*100+5,Base!$P$5:$P$2004,0)),"") | K28: =IFERROR(INDEX(Base!$M$5:$M$2004,MATCH(K23*100+5,Base!$P$5:$P$2004,0)),"") | L28: =IFERROR(INDEX(Base!$N$5:$N$2004,MATCH(M23*100+5,Base!$P$5:$P$2004,0)),"") | M28: =IFERROR(INDEX(Base!$M$5:$M$2004,MATCH(M23*100+5,Base!$P$5:$P$2004,0)),"") | N28: =IFERROR(INDEX(Base!$N$5:$N$2004,MATCH(O23*100+5,Base!$P$5:$P$2004,0)),"") -> REV | O28: =IFERROR(INDEX(Base!$M$5:$M$2004,MATCH(O23*100+5,Base!$P$5:$P$2004,0)),"") -> R1 · HIV/AIDS
B29: =IFERROR(INDEX(Base!$N$5:$N$2004,MATCH(C23*100+6,Base!$P$5:$P$2004,0)),"") | C29: =IFERROR(INDEX(Base!$M$5:$M$2004,MATCH(C23*100+6,Base!$P$5:$P$2004,0)),"") | D29: =IFERROR(INDEX(Base!$N$5:$N$2004,MATCH(E23*100+6,Base!$P$5:$P$2004,0)),"") -> TEO | E29: =IFERROR(INDEX(Base!$M$5:$M$2004,MATCH(E23*100+6,Base!$P$5:$P$2004,0)),"") -> T · Especialidade Cirúrgica I | F29: =IFERROR(INDEX(Base!$N$5:$N$2004,MATCH(G23*100+6,Base!$P$5:$P$2004,0)),"") | G29: =IFERROR(INDEX(Base!$M$5:$M$2004,MATCH(G23*100+6,Base!$P$5:$P$2004,0)),"") | H29: =IFERROR(INDEX(Base!$N$5:$N$2004,MATCH(I23*100+6,Base!$P$5:$P$2004,0)),"") | I29: =IFERROR(INDEX(Base!$M$5:$M$2004,MATCH(I23*100+6,Base!$P$5:$P$2004,0)),"") | J29: =IFERROR(INDEX(Base!$N$5:$N$2004,MATCH(K23*100+6,Base!$P$5:$P$2004,0)),"") | K29: =IFERROR(INDEX(Base!$M$5:$M$2004,MATCH(K23*100+6,Base!$P$5:$P$2004,0)),"") | L29: =IFERROR(INDEX(Base!$N$5:$N$2004,MATCH(M23*100+6,Base!$P$5:$P$2004,0)),"") | M29: =IFERROR(INDEX(Base!$M$5:$M$2004,MATCH(M23*100+6,Base!$P$5:$P$2004,0)),"") | N29: =IFERROR(INDEX(Base!$N$5:$N$2004,MATCH(O23*100+6,Base!$P$5:$P$2004,0)),"") | O29: =IFERROR(INDEX(Base!$M$5:$M$2004,MATCH(O23*100+6,Base!$P$5:$P$2004,0)),"")
C30: =IF(COUNTIF(Base!$E$5:$E$2004,C23)>6,"+"&(COUNTIF(Base!$E$5:$E$2004,C23)-6)&" mais","") | E30: =IF(COUNTIF(Base!$E$5:$E$2004,E23)>6,"+"&(COUNTIF(Base!$E$5:$E$2004,E23)-6)&" mais","") -> +1 mais | G30: =IF(COUNTIF(Base!$E$5:$E$2004,G23)>6,"+"&(COUNTIF(Base!$E$5:$E$2004,G23)-6)&" mais","") | I30: =IF(COUNTIF(Base!$E$5:$E$2004,I23)>6,"+"&(COUNTIF(Base!$E$5:$E$2004,I23)-6)&" mais","") | K30: =IF(COUNTIF(Base!$E$5:$E$2004,K23)>6,"+"&(COUNTIF(Base!$E$5:$E$2004,K23)-6)&" mais","") | M30: =IF(COUNTIF(Base!$E$5:$E$2004,M23)>6,"+"&(COUNTIF(Base!$E$5:$E$2004,M23)-6)&" mais","") | O30: =IF(COUNTIF(Base!$E$5:$E$2004,O23)>6,"+"&(COUNTIF(Base!$E$5:$E$2004,O23)-6)&" mais","")
C31: =$R$5+21 -> 46313 | E31: =$R$5+22 -> 46314 | G31: =$R$5+23 -> 46315 | I31: =$R$5+24 -> 46316 | K31: =$R$5+25 -> 46317 | M31: =$R$5+26 -> 46318 | O31: =$R$5+27 -> 46319
B32: =IFERROR(INDEX(Base!$N$5:$N$2004,MATCH(C31*100+1,Base!$P$5:$P$2004,0)),"") -> PRA | C32: =IFERROR(INDEX(Base!$M$5:$M$2004,MATCH(C31*100+1,Base!$P$5:$P$2004,0)),"") -> R2 · Endocardite Infecciosa / Meningites | D32: =IFERROR(INDEX(Base!$N$5:$N$2004,MATCH(E31*100+1,Base!$P$5:$P$2004,0)),"") -> PRA | E32: =IFERROR(INDEX(Base!$M$5:$M$2004,MATCH(E31*100+1,Base!$P$5:$P$2004,0)),"") -> R2 · Especialidade Cirúrgica I | F32: =IFERROR(INDEX(Base!$N$5:$N$2004,MATCH(G31*100+1,Base!$P$5:$P$2004,0)),"") -> PRA | G32: =IFERROR(INDEX(Base!$M$5:$M$2004,MATCH(G31*100+1,Base!$P$5:$P$2004,0)),"") -> R3 · Transtornos Psiquiátricos I | H32: =IFERROR(INDEX(Base!$N$5:$N$2004,MATCH(I31*100+1,Base!$P$5:$P$2004,0)),"") -> PRA | I32: =IFERROR(INDEX(Base!$M$5:$M$2004,MATCH(I31*100+1,Base!$P$5:$P$2004,0)),"") -> R2 · Distúrbios Hipertensivos na Gestação | J32: =IFERROR(INDEX(Base!$N$5:$N$2004,MATCH(K31*100+1,Base!$P$5:$P$2004,0)),"") | K32: =IFERROR(INDEX(Base!$M$5:$M$2004,MATCH(K31*100+1,Base!$P$5:$P$2004,0)),"") | L32: =IFERROR(INDEX(Base!$N$5:$N$2004,MATCH(M31*100+1,Base!$P$5:$P$2004,0)),"") -> PRA | M32: =IFERROR(INDEX(Base!$M$5:$M$2004,MATCH(M31*100+1,Base!$P$5:$P$2004,0)),"") -> R3 · Síndromes Febris — Dengue | N32: =IFERROR(INDEX(Base!$N$5:$N$2004,MATCH(O31*100+1,Base!$P$5:$P$2004,0)),"") -> REV | O32: =IFERROR(INDEX(Base!$M$5:$M$2004,MATCH(O31*100+1,Base!$P$5:$P$2004,0)),"") -> R1 · Pneumonias Comunitárias
B33: =IFERROR(INDEX(Base!$N$5:$N$2004,MATCH(C31*100+2,Base!$P$5:$P$2004,0)),"") | C33: =IFERROR(INDEX(Base!$M$5:$M$2004,MATCH(C31*100+2,Base!$P$5:$P$2004,0)),"") | D33: =IFERROR(INDEX(Base!$N$5:$N$2004,MATCH(E31*100+2,Base!$P$5:$P$2004,0)),"") -> PRA | E33: =IFERROR(INDEX(Base!$M$5:$M$2004,MATCH(E31*100+2,Base!$P$5:$P$2004,0)),"") -> R2 · Especialidade Cirúrgica II | F33: =IFERROR(INDEX(Base!$N$5:$N$2004,MATCH(G31*100+2,Base!$P$5:$P$2004,0)),"") -> REV | G33: =IFERROR(INDEX(Base!$M$5:$M$2004,MATCH(G31*100+2,Base!$P$5:$P$2004,0)),"") -> R1 · Dermatologia I e II | H33: =IFERROR(INDEX(Base!$N$5:$N$2004,MATCH(I31*100+2,Base!$P$5:$P$2004,0)),"") -> PRA | I33: =IFERROR(INDEX(Base!$M$5:$M$2004,MATCH(I31*100+2,Base!$P$5:$P$2004,0)),"") -> R2 · Sofrimento Fetal e Vitalidade Fetal | J33: =IFERROR(INDEX(Base!$N$5:$N$2004,MATCH(K31*100+2,Base!$P$5:$P$2004,0)),"") | K33: =IFERROR(INDEX(Base!$M$5:$M$2004,MATCH(K31*100+2,Base!$P$5:$P$2004,0)),"") | L33: =IFERROR(INDEX(Base!$N$5:$N$2004,MATCH(M31*100+2,Base!$P$5:$P$2004,0)),"") -> PRA | M33: =IFERROR(INDEX(Base!$M$5:$M$2004,MATCH(M31*100+2,Base!$P$5:$P$2004,0)),"") -> R2 · Doenças da Suprarrenal | N33: =IFERROR(INDEX(Base!$N$5:$N$2004,MATCH(O31*100+2,Base!$P$5:$P$2004,0)),"") -> REV | O33: =IFERROR(INDEX(Base!$M$5:$M$2004,MATCH(O31*100+2,Base!$P$5:$P$2004,0)),"") -> R1 · Tuberculose
B34: =IFERROR(INDEX(Base!$N$5:$N$2004,MATCH(C31*100+3,Base!$P$5:$P$2004,0)),"") | C34: =IFERROR(INDEX(Base!$M$5:$M$2004,MATCH(C31*100+3,Base!$P$5:$P$2004,0)),"") | D34: =IFERROR(INDEX(Base!$N$5:$N$2004,MATCH(E31*100+3,Base!$P$5:$P$2004,0)),"") -> TEO | E34: =IFERROR(INDEX(Base!$M$5:$M$2004,MATCH(E31*100+3,Base!$P$5:$P$2004,0)),"") -> T · Dermatologia I e II | F34: =IFERROR(INDEX(Base!$N$5:$N$2004,MATCH(G31*100+3,Base!$P$5:$P$2004,0)),"") -> TEO | G34: =IFERROR(INDEX(Base!$M$5:$M$2004,MATCH(G31*100+3,Base!$P$5:$P$2004,0)),"") -> T · Bônus Oftalmo | H34: =IFERROR(INDEX(Base!$N$5:$N$2004,MATCH(I31*100+3,Base!$P$5:$P$2004,0)),"") -> REV | I34: =IFERROR(INDEX(Base!$M$5:$M$2004,MATCH(I31*100+3,Base!$P$5:$P$2004,0)),"") -> R1 · Bônus Oftalmo | J34: =IFERROR(INDEX(Base!$N$5:$N$2004,MATCH(K31*100+3,Base!$P$5:$P$2004,0)),"") | K34: =IFERROR(INDEX(Base!$M$5:$M$2004,MATCH(K31*100+3,Base!$P$5:$P$2004,0)),"") | L34: =IFERROR(INDEX(Base!$N$5:$N$2004,MATCH(M31*100+3,Base!$P$5:$P$2004,0)),"") -> PRA | M34: =IFERROR(INDEX(Base!$M$5:$M$2004,MATCH(M31*100+3,Base!$P$5:$P$2004,0)),"") -> R2 · Infecções Sexualmente Transmissíveis | N34: =IFERROR(INDEX(Base!$N$5:$N$2004,MATCH(O31*100+3,Base!$P$5:$P$2004,0)),"") -> REV | O34: =IFERROR(INDEX(Base!$M$5:$M$2004,MATCH(O31*100+3,Base!$P$5:$P$2004,0)),"") -> R1 · Câncer de Pulmão e TEP
B35: =IFERROR(INDEX(Base!$N$5:$N$2004,MATCH(C31*100+4,Base!$P$5:$P$2004,0)),"") | C35: =IFERROR(INDEX(Base!$M$5:$M$2004,MATCH(C31*100+4,Base!$P$5:$P$2004,0)),"") | D35: =IFERROR(INDEX(Base!$N$5:$N$2004,MATCH(E31*100+4,Base!$P$5:$P$2004,0)),"") | E35: =IFERROR(INDEX(Base!$M$5:$M$2004,MATCH(E31*100+4,Base!$P$5:$P$2004,0)),"") | F35: =IFERROR(INDEX(Base!$N$5:$N$2004,MATCH(G31*100+4,Base!$P$5:$P$2004,0)),"") -> TEO | G35: =IFERROR(INDEX(Base!$M$5:$M$2004,MATCH(G31*100+4,Base!$P$5:$P$2004,0)),"") -> T · Insuficiência Cardíaca | H35: =IFERROR(INDEX(Base!$N$5:$N$2004,MATCH(I31*100+4,Base!$P$5:$P$2004,0)),"") -> REV | I35: =IFERROR(INDEX(Base!$M$5:$M$2004,MATCH(I31*100+4,Base!$P$5:$P$2004,0)),"") -> R1 · Insuficiência Cardíaca | J35: =IFERROR(INDEX(Base!$N$5:$N$2004,MATCH(K31*100+4,Base!$P$5:$P$2004,0)),"") | K35: =IFERROR(INDEX(Base!$M$5:$M$2004,MATCH(K31*100+4,Base!$P$5:$P$2004,0)),"") | L35: =IFERROR(INDEX(Base!$N$5:$N$2004,MATCH(M31*100+4,Base!$P$5:$P$2004,0)),"") -> PRA | M35: =IFERROR(INDEX(Base!$M$5:$M$2004,MATCH(M31*100+4,Base!$P$5:$P$2004,0)),"") -> R2 · Parasitoses Intestinais | N35: =IFERROR(INDEX(Base!$N$5:$N$2004,MATCH(O31*100+4,Base!$P$5:$P$2004,0)),"") | O35: =IFERROR(INDEX(Base!$M$5:$M$2004,MATCH(O31*100+4,Base!$P$5:$P$2004,0)),"")
B36: =IFERROR(INDEX(Base!$N$5:$N$2004,MATCH(C31*100+5,Base!$P$5:$P$2004,0)),"") | C36: =IFERROR(INDEX(Base!$M$5:$M$2004,MATCH(C31*100+5,Base!$P$5:$P$2004,0)),"") | D36: =IFERROR(INDEX(Base!$N$5:$N$2004,MATCH(E31*100+5,Base!$P$5:$P$2004,0)),"") | E36: =IFERROR(INDEX(Base!$M$5:$M$2004,MATCH(E31*100+5,Base!$P$5:$P$2004,0)),"") | F36: =IFERROR(INDEX(Base!$N$5:$N$2004,MATCH(G31*100+5,Base!$P$5:$P$2004,0)),"") | G36: =IFERROR(INDEX(Base!$M$5:$M$2004,MATCH(G31*100+5,Base!$P$5:$P$2004,0)),"") | H36: =IFERROR(INDEX(Base!$N$5:$N$2004,MATCH(I31*100+5,Base!$P$5:$P$2004,0)),"") | I36: =IFERROR(INDEX(Base!$M$5:$M$2004,MATCH(I31*100+5,Base!$P$5:$P$2004,0)),"") | J36: =IFERROR(INDEX(Base!$N$5:$N$2004,MATCH(K31*100+5,Base!$P$5:$P$2004,0)),"") | K36: =IFERROR(INDEX(Base!$M$5:$M$2004,MATCH(K31*100+5,Base!$P$5:$P$2004,0)),"") | L36: =IFERROR(INDEX(Base!$N$5:$N$2004,MATCH(M31*100+5,Base!$P$5:$P$2004,0)),"") -> PRA | M36: =IFERROR(INDEX(Base!$M$5:$M$2004,MATCH(M31*100+5,Base!$P$5:$P$2004,0)),"") -> R2 · HIV/AIDS | N36: =IFERROR(INDEX(Base!$N$5:$N$2004,MATCH(O31*100+5,Base!$P$5:$P$2004,0)),"") | O36: =IFERROR(INDEX(Base!$M$5:$M$2004,MATCH(O31*100+5,Base!$P$5:$P$2004,0)),"")
B37: =IFERROR(INDEX(Base!$N$5:$N$2004,MATCH(C31*100+6,Base!$P$5:$P$2004,0)),"") | C37: =IFERROR(INDEX(Base!$M$5:$M$2004,MATCH(C31*100+6,Base!$P$5:$P$2004,0)),"") | D37: =IFERROR(INDEX(Base!$N$5:$N$2004,MATCH(E31*100+6,Base!$P$5:$P$2004,0)),"") | E37: =IFERROR(INDEX(Base!$M$5:$M$2004,MATCH(E31*100+6,Base!$P$5:$P$2004,0)),"") | F37: =IFERROR(INDEX(Base!$N$5:$N$2004,MATCH(G31*100+6,Base!$P$5:$P$2004,0)),"") | G37: =IFERROR(INDEX(Base!$M$5:$M$2004,MATCH(G31*100+6,Base!$P$5:$P$2004,0)),"") | H37: =IFERROR(INDEX(Base!$N$5:$N$2004,MATCH(I31*100+6,Base!$P$5:$P$2004,0)),"") | I37: =IFERROR(INDEX(Base!$M$5:$M$2004,MATCH(I31*100+6,Base!$P$5:$P$2004,0)),"") | J37: =IFERROR(INDEX(Base!$N$5:$N$2004,MATCH(K31*100+6,Base!$P$5:$P$2004,0)),"") | K37: =IFERROR(INDEX(Base!$M$5:$M$2004,MATCH(K31*100+6,Base!$P$5:$P$2004,0)),"") | L37: =IFERROR(INDEX(Base!$N$5:$N$2004,MATCH(M31*100+6,Base!$P$5:$P$2004,0)),"") -> TEO | M37: =IFERROR(INDEX(Base!$M$5:$M$2004,MATCH(M31*100+6,Base!$P$5:$P$2004,0)),"") -> T · Pneumonias Comunitárias | N37: =IFERROR(INDEX(Base!$N$5:$N$2004,MATCH(O31*100+6,Base!$P$5:$P$2004,0)),"") | O37: =IFERROR(INDEX(Base!$M$5:$M$2004,MATCH(O31*100+6,Base!$P$5:$P$2004,0)),"")
C38: =IF(COUNTIF(Base!$E$5:$E$2004,C31)>6,"+"&(COUNTIF(Base!$E$5:$E$2004,C31)-6)&" mais","") | E38: =IF(COUNTIF(Base!$E$5:$E$2004,E31)>6,"+"&(COUNTIF(Base!$E$5:$E$2004,E31)-6)&" mais","") | G38: =IF(COUNTIF(Base!$E$5:$E$2004,G31)>6,"+"&(COUNTIF(Base!$E$5:$E$2004,G31)-6)&" mais","") | I38: =IF(COUNTIF(Base!$E$5:$E$2004,I31)>6,"+"&(COUNTIF(Base!$E$5:$E$2004,I31)-6)&" mais","") | K38: =IF(COUNTIF(Base!$E$5:$E$2004,K31)>6,"+"&(COUNTIF(Base!$E$5:$E$2004,K31)-6)&" mais","") | M38: =IF(COUNTIF(Base!$E$5:$E$2004,M31)>6,"+"&(COUNTIF(Base!$E$5:$E$2004,M31)-6)&" mais","") -> +2 mais | O38: =IF(COUNTIF(Base!$E$5:$E$2004,O31)>6,"+"&(COUNTIF(Base!$E$5:$E$2004,O31)-6)&" mais","")
C39: =$R$5+28 -> 46320 | E39: =$R$5+29 -> 46321 | G39: =$R$5+30 -> 46322 | I39: =$R$5+31 -> 46323 | K39: =$R$5+32 -> 46324 | M39: =$R$5+33 -> 46325 | O39: =$R$5+34 -> 46326
B40: =IFERROR(INDEX(Base!$N$5:$N$2004,MATCH(C39*100+1,Base!$P$5:$P$2004,0)),"") | C40: =IFERROR(INDEX(Base!$M$5:$M$2004,MATCH(C39*100+1,Base!$P$5:$P$2004,0)),"") | D40: =IFERROR(INDEX(Base!$N$5:$N$2004,MATCH(E39*100+1,Base!$P$5:$P$2004,0)),"") -> PRA | E40: =IFERROR(INDEX(Base!$M$5:$M$2004,MATCH(E39*100+1,Base!$P$5:$P$2004,0)),"") -> R3 · Endocardite Infecciosa / Meningites | F40: =IFERROR(INDEX(Base!$N$5:$N$2004,MATCH(G39*100+1,Base!$P$5:$P$2004,0)),"") -> PRA | G40: =IFERROR(INDEX(Base!$M$5:$M$2004,MATCH(G39*100+1,Base!$P$5:$P$2004,0)),"") -> R4 · Cardiopediatria | H40: =IFERROR(INDEX(Base!$N$5:$N$2004,MATCH(I39*100+1,Base!$P$5:$P$2004,0)),"") -> PRA | I40: =IFERROR(INDEX(Base!$M$5:$M$2004,MATCH(I39*100+1,Base!$P$5:$P$2004,0)),"") -> R4 · Doenças da Tireoide | J40: =IFERROR(INDEX(Base!$N$5:$N$2004,MATCH(K39*100+1,Base!$P$5:$P$2004,0)),"") -> PRA | K40: =IFERROR(INDEX(Base!$M$5:$M$2004,MATCH(K39*100+1,Base!$P$5:$P$2004,0)),"") -> R3 · Distúrbios Hipertensivos na Gestação | L40: =IFERROR(INDEX(Base!$N$5:$N$2004,MATCH(M39*100+1,Base!$P$5:$P$2004,0)),"") -> PRA | M40: =IFERROR(INDEX(Base!$M$5:$M$2004,MATCH(M39*100+1,Base!$P$5:$P$2004,0)),"") -> R2 · Pneumonias Comunitárias | N40: =IFERROR(INDEX(Base!$N$5:$N$2004,MATCH(O39*100+1,Base!$P$5:$P$2004,0)),"") -> PRA | O40: =IFERROR(INDEX(Base!$M$5:$M$2004,MATCH(O39*100+1,Base!$P$5:$P$2004,0)),"") -> R3 · Doenças da Suprarrenal
B41: =IFERROR(INDEX(Base!$N$5:$N$2004,MATCH(C39*100+2,Base!$P$5:$P$2004,0)),"") | C41: =IFERROR(INDEX(Base!$M$5:$M$2004,MATCH(C39*100+2,Base!$P$5:$P$2004,0)),"") | D41: =IFERROR(INDEX(Base!$N$5:$N$2004,MATCH(E39*100+2,Base!$P$5:$P$2004,0)),"") -> PRA | E41: =IFERROR(INDEX(Base!$M$5:$M$2004,MATCH(E39*100+2,Base!$P$5:$P$2004,0)),"") -> R2 · Dermatologia I e II | F41: =IFERROR(INDEX(Base!$N$5:$N$2004,MATCH(G39*100+2,Base!$P$5:$P$2004,0)),"") -> PRA | G41: =IFERROR(INDEX(Base!$M$5:$M$2004,MATCH(G39*100+2,Base!$P$5:$P$2004,0)),"") -> R4 · Nefrologia Pediátrica / ITU | H41: =IFERROR(INDEX(Base!$N$5:$N$2004,MATCH(I39*100+2,Base!$P$5:$P$2004,0)),"") -> PRA | I41: =IFERROR(INDEX(Base!$M$5:$M$2004,MATCH(I39*100+2,Base!$P$5:$P$2004,0)),"") -> R4 · Valvopatias | J41: =IFERROR(INDEX(Base!$N$5:$N$2004,MATCH(K39*100+2,Base!$P$5:$P$2004,0)),"") -> PRA | K41: =IFERROR(INDEX(Base!$M$5:$M$2004,MATCH(K39*100+2,Base!$P$5:$P$2004,0)),"") -> R3 · Sofrimento Fetal e Vitalidade Fetal | L41: =IFERROR(INDEX(Base!$N$5:$N$2004,MATCH(M39*100+2,Base!$P$5:$P$2004,0)),"") -> PRA | M41: =IFERROR(INDEX(Base!$M$5:$M$2004,MATCH(M39*100+2,Base!$P$5:$P$2004,0)),"") -> R2 · Tuberculose | N41: =IFERROR(INDEX(Base!$N$5:$N$2004,MATCH(O39*100+2,Base!$P$5:$P$2004,0)),"") -> PRA | O41: =IFERROR(INDEX(Base!$M$5:$M$2004,MATCH(O39*100+2,Base!$P$5:$P$2004,0)),"") -> R3 · Infecções Sexualmente Transmissíveis
B42: =IFERROR(INDEX(Base!$N$5:$N$2004,MATCH(C39*100+3,Base!$P$5:$P$2004,0)),"") | C42: =IFERROR(INDEX(Base!$M$5:$M$2004,MATCH(C39*100+3,Base!$P$5:$P$2004,0)),"") | D42: =IFERROR(INDEX(Base!$N$5:$N$2004,MATCH(E39*100+3,Base!$P$5:$P$2004,0)),"") -> TEO | E42: =IFERROR(INDEX(Base!$M$5:$M$2004,MATCH(E39*100+3,Base!$P$5:$P$2004,0)),"") -> T · Ortopedia I e II | F42: =IFERROR(INDEX(Base!$N$5:$N$2004,MATCH(G39*100+3,Base!$P$5:$P$2004,0)),"") -> PRA | G42: =IFERROR(INDEX(Base!$M$5:$M$2004,MATCH(G39*100+3,Base!$P$5:$P$2004,0)),"") -> R4 · Asma e DPOC | H42: =IFERROR(INDEX(Base!$N$5:$N$2004,MATCH(I39*100+3,Base!$P$5:$P$2004,0)),"") -> PRA | I42: =IFERROR(INDEX(Base!$M$5:$M$2004,MATCH(I39*100+3,Base!$P$5:$P$2004,0)),"") -> R4 · Demência e Parkinson | J42: =IFERROR(INDEX(Base!$N$5:$N$2004,MATCH(K39*100+3,Base!$P$5:$P$2004,0)),"") | K42: =IFERROR(INDEX(Base!$M$5:$M$2004,MATCH(K39*100+3,Base!$P$5:$P$2004,0)),"") | L42: =IFERROR(INDEX(Base!$N$5:$N$2004,MATCH(M39*100+3,Base!$P$5:$P$2004,0)),"") -> PRA | M42: =IFERROR(INDEX(Base!$M$5:$M$2004,MATCH(M39*100+3,Base!$P$5:$P$2004,0)),"") -> R2 · Câncer de Pulmão e TEP | N42: =IFERROR(INDEX(Base!$N$5:$N$2004,MATCH(O39*100+3,Base!$P$5:$P$2004,0)),"") -> PRA | O42: =IFERROR(INDEX(Base!$M$5:$M$2004,MATCH(O39*100+3,Base!$P$5:$P$2004,0)),"") -> R3 · Parasitoses Intestinais
B43: =IFERROR(INDEX(Base!$N$5:$N$2004,MATCH(C39*100+4,Base!$P$5:$P$2004,0)),"") | C43: =IFERROR(INDEX(Base!$M$5:$M$2004,MATCH(C39*100+4,Base!$P$5:$P$2004,0)),"") | D43: =IFERROR(INDEX(Base!$N$5:$N$2004,MATCH(E39*100+4,Base!$P$5:$P$2004,0)),"") | E43: =IFERROR(INDEX(Base!$M$5:$M$2004,MATCH(E39*100+4,Base!$P$5:$P$2004,0)),"") | F43: =IFERROR(INDEX(Base!$N$5:$N$2004,MATCH(G39*100+4,Base!$P$5:$P$2004,0)),"") -> PRA | G43: =IFERROR(INDEX(Base!$M$5:$M$2004,MATCH(G39*100+4,Base!$P$5:$P$2004,0)),"") -> R3 · Especialidade Cirúrgica I | H43: =IFERROR(INDEX(Base!$N$5:$N$2004,MATCH(I39*100+4,Base!$P$5:$P$2004,0)),"") -> REV | I43: =IFERROR(INDEX(Base!$M$5:$M$2004,MATCH(I39*100+4,Base!$P$5:$P$2004,0)),"") -> R1 · Fraqueza Muscular — Polineuropatias | J43: =IFERROR(INDEX(Base!$N$5:$N$2004,MATCH(K39*100+4,Base!$P$5:$P$2004,0)),"") | K43: =IFERROR(INDEX(Base!$M$5:$M$2004,MATCH(K39*100+4,Base!$P$5:$P$2004,0)),"") | L43: =IFERROR(INDEX(Base!$N$5:$N$2004,MATCH(M39*100+4,Base!$P$5:$P$2004,0)),"") | M43: =IFERROR(INDEX(Base!$M$5:$M$2004,MATCH(M39*100+4,Base!$P$5:$P$2004,0)),"") | N43: =IFERROR(INDEX(Base!$N$5:$N$2004,MATCH(O39*100+4,Base!$P$5:$P$2004,0)),"") -> PRA | O43: =IFERROR(INDEX(Base!$M$5:$M$2004,MATCH(O39*100+4,Base!$P$5:$P$2004,0)),"") -> R3 · HIV/AIDS
B44: =IFERROR(INDEX(Base!$N$5:$N$2004,MATCH(C39*100+5,Base!$P$5:$P$2004,0)),"") | C44: =IFERROR(INDEX(Base!$M$5:$M$2004,MATCH(C39*100+5,Base!$P$5:$P$2004,0)),"") | D44: =IFERROR(INDEX(Base!$N$5:$N$2004,MATCH(E39*100+5,Base!$P$5:$P$2004,0)),"") | E44: =IFERROR(INDEX(Base!$M$5:$M$2004,MATCH(E39*100+5,Base!$P$5:$P$2004,0)),"") | F44: =IFERROR(INDEX(Base!$N$5:$N$2004,MATCH(G39*100+5,Base!$P$5:$P$2004,0)),"") -> PRA | G44: =IFERROR(INDEX(Base!$M$5:$M$2004,MATCH(G39*100+5,Base!$P$5:$P$2004,0)),"") -> R3 · Especialidade Cirúrgica II | H44: =IFERROR(INDEX(Base!$N$5:$N$2004,MATCH(I39*100+5,Base!$P$5:$P$2004,0)),"") | I44: =IFERROR(INDEX(Base!$M$5:$M$2004,MATCH(I39*100+5,Base!$P$5:$P$2004,0)),"") | J44: =IFERROR(INDEX(Base!$N$5:$N$2004,MATCH(K39*100+5,Base!$P$5:$P$2004,0)),"") | K44: =IFERROR(INDEX(Base!$M$5:$M$2004,MATCH(K39*100+5,Base!$P$5:$P$2004,0)),"") | L44: =IFERROR(INDEX(Base!$N$5:$N$2004,MATCH(M39*100+5,Base!$P$5:$P$2004,0)),"") | M44: =IFERROR(INDEX(Base!$M$5:$M$2004,MATCH(M39*100+5,Base!$P$5:$P$2004,0)),"") | N44: =IFERROR(INDEX(Base!$N$5:$N$2004,MATCH(O39*100+5,Base!$P$5:$P$2004,0)),"") | O44: =IFERROR(INDEX(Base!$M$5:$M$2004,MATCH(O39*100+5,Base!$P$5:$P$2004,0)),"")
B45: =IFERROR(INDEX(Base!$N$5:$N$2004,MATCH(C39*100+6,Base!$P$5:$P$2004,0)),"") | C45: =IFERROR(INDEX(Base!$M$5:$M$2004,MATCH(C39*100+6,Base!$P$5:$P$2004,0)),"") | D45: =IFERROR(INDEX(Base!$N$5:$N$2004,MATCH(E39*100+6,Base!$P$5:$P$2004,0)),"") | E45: =IFERROR(INDEX(Base!$M$5:$M$2004,MATCH(E39*100+6,Base!$P$5:$P$2004,0)),"") | F45: =IFERROR(INDEX(Base!$N$5:$N$2004,MATCH(G39*100+6,Base!$P$5:$P$2004,0)),"") -> PRA | G45: =IFERROR(INDEX(Base!$M$5:$M$2004,MATCH(G39*100+6,Base!$P$5:$P$2004,0)),"") -> R2 · Bônus Oftalmo | H45: =IFERROR(INDEX(Base!$N$5:$N$2004,MATCH(I39*100+6,Base!$P$5:$P$2004,0)),"") | I45: =IFERROR(INDEX(Base!$M$5:$M$2004,MATCH(I39*100+6,Base!$P$5:$P$2004,0)),"") | J45: =IFERROR(INDEX(Base!$N$5:$N$2004,MATCH(K39*100+6,Base!$P$5:$P$2004,0)),"") | K45: =IFERROR(INDEX(Base!$M$5:$M$2004,MATCH(K39*100+6,Base!$P$5:$P$2004,0)),"") | L45: =IFERROR(INDEX(Base!$N$5:$N$2004,MATCH(M39*100+6,Base!$P$5:$P$2004,0)),"") | M45: =IFERROR(INDEX(Base!$M$5:$M$2004,MATCH(M39*100+6,Base!$P$5:$P$2004,0)),"") | N45: =IFERROR(INDEX(Base!$N$5:$N$2004,MATCH(O39*100+6,Base!$P$5:$P$2004,0)),"") | O45: =IFERROR(INDEX(Base!$M$5:$M$2004,MATCH(O39*100+6,Base!$P$5:$P$2004,0)),"")
C46: =IF(COUNTIF(Base!$E$5:$E$2004,C39)>6,"+"&(COUNTIF(Base!$E$5:$E$2004,C39)-6)&" mais","") | E46: =IF(COUNTIF(Base!$E$5:$E$2004,E39)>6,"+"&(COUNTIF(Base!$E$5:$E$2004,E39)-6)&" mais","") | G46: =IF(COUNTIF(Base!$E$5:$E$2004,G39)>6,"+"&(COUNTIF(Base!$E$5:$E$2004,G39)-6)&" mais","") -> +3 mais | I46: =IF(COUNTIF(Base!$E$5:$E$2004,I39)>6,"+"&(COUNTIF(Base!$E$5:$E$2004,I39)-6)&" mais","") | K46: =IF(COUNTIF(Base!$E$5:$E$2004,K39)>6,"+"&(COUNTIF(Base!$E$5:$E$2004,K39)-6)&" mais","") | M46: =IF(COUNTIF(Base!$E$5:$E$2004,M39)>6,"+"&(COUNTIF(Base!$E$5:$E$2004,M39)-6)&" mais","") | O46: =IF(COUNTIF(Base!$E$5:$E$2004,O39)>6,"+"&(COUNTIF(Base!$E$5:$E$2004,O39)-6)&" mais","")
C47: =$R$5+35 -> 46327 | E47: =$R$5+36 -> 46328 | G47: =$R$5+37 -> 46329 | I47: =$R$5+38 -> 46330 | K47: =$R$5+39 -> 46331 | M47: =$R$5+40 -> 46332 | O47: =$R$5+41 -> 46333
B48: =IFERROR(INDEX(Base!$N$5:$N$2004,MATCH(C47*100+1,Base!$P$5:$P$2004,0)),"") -> PRA | C48: =IFERROR(INDEX(Base!$M$5:$M$2004,MATCH(C47*100+1,Base!$P$5:$P$2004,0)),"") -> R4 · ATB | D48: =IFERROR(INDEX(Base!$N$5:$N$2004,MATCH(E47*100+1,Base!$P$5:$P$2004,0)),"") -> PRA | E48: =IFERROR(INDEX(Base!$M$5:$M$2004,MATCH(E47*100+1,Base!$P$5:$P$2004,0)),"") -> R2 · Ortopedia I e II | F48: =IFERROR(INDEX(Base!$N$5:$N$2004,MATCH(G47*100+1,Base!$P$5:$P$2004,0)),"") -> PRA | G48: =IFERROR(INDEX(Base!$M$5:$M$2004,MATCH(G47*100+1,Base!$P$5:$P$2004,0)),"") -> R3 · Dermatologia I e II | H48: =IFERROR(INDEX(Base!$N$5:$N$2004,MATCH(I47*100+1,Base!$P$5:$P$2004,0)),"") -> PRA | I48: =IFERROR(INDEX(Base!$M$5:$M$2004,MATCH(I47*100+1,Base!$P$5:$P$2004,0)),"") -> R4 · Transtornos Psiquiátricos I | J48: =IFERROR(INDEX(Base!$N$5:$N$2004,MATCH(K47*100+1,Base!$P$5:$P$2004,0)),"") | K48: =IFERROR(INDEX(Base!$M$5:$M$2004,MATCH(K47*100+1,Base!$P$5:$P$2004,0)),"") | L48: =IFERROR(INDEX(Base!$N$5:$N$2004,MATCH(M47*100+1,Base!$P$5:$P$2004,0)),"") | M48: =IFERROR(INDEX(Base!$M$5:$M$2004,MATCH(M47*100+1,Base!$P$5:$P$2004,0)),"") | N48: =IFERROR(INDEX(Base!$N$5:$N$2004,MATCH(O47*100+1,Base!$P$5:$P$2004,0)),"") -> PRA | O48: =IFERROR(INDEX(Base!$M$5:$M$2004,MATCH(O47*100+1,Base!$P$5:$P$2004,0)),"") -> R4 · Síndromes Febris — Dengue
B49: =IFERROR(INDEX(Base!$N$5:$N$2004,MATCH(C47*100+2,Base!$P$5:$P$2004,0)),"") | C49: =IFERROR(INDEX(Base!$M$5:$M$2004,MATCH(C47*100+2,Base!$P$5:$P$2004,0)),"") | D49: =IFERROR(INDEX(Base!$N$5:$N$2004,MATCH(E47*100+2,Base!$P$5:$P$2004,0)),"") | E49: =IFERROR(INDEX(Base!$M$5:$M$2004,MATCH(E47*100+2,Base!$P$5:$P$2004,0)),"") | F49: =IFERROR(INDEX(Base!$N$5:$N$2004,MATCH(G47*100+2,Base!$P$5:$P$2004,0)),"") -> PRA | G49: =IFERROR(INDEX(Base!$M$5:$M$2004,MATCH(G47*100+2,Base!$P$5:$P$2004,0)),"") -> R2 · Fraqueza Muscular — Polineuropatias | H49: =IFERROR(INDEX(Base!$N$5:$N$2004,MATCH(I47*100+2,Base!$P$5:$P$2004,0)),"") -> PRA | I49: =IFERROR(INDEX(Base!$M$5:$M$2004,MATCH(I47*100+2,Base!$P$5:$P$2004,0)),"") -> R3 · Bônus Oftalmo | J49: =IFERROR(INDEX(Base!$N$5:$N$2004,MATCH(K47*100+2,Base!$P$5:$P$2004,0)),"") | K49: =IFERROR(INDEX(Base!$M$5:$M$2004,MATCH(K47*100+2,Base!$P$5:$P$2004,0)),"") | L49: =IFERROR(INDEX(Base!$N$5:$N$2004,MATCH(M47*100+2,Base!$P$5:$P$2004,0)),"") | M49: =IFERROR(INDEX(Base!$M$5:$M$2004,MATCH(M47*100+2,Base!$P$5:$P$2004,0)),"") | N49: =IFERROR(INDEX(Base!$N$5:$N$2004,MATCH(O47*100+2,Base!$P$5:$P$2004,0)),"") -> PRA | O49: =IFERROR(INDEX(Base!$M$5:$M$2004,MATCH(O47*100+2,Base!$P$5:$P$2004,0)),"") -> R3 · Pneumonias Comunitárias
B50: =IFERROR(INDEX(Base!$N$5:$N$2004,MATCH(C47*100+3,Base!$P$5:$P$2004,0)),"") | C50: =IFERROR(INDEX(Base!$M$5:$M$2004,MATCH(C47*100+3,Base!$P$5:$P$2004,0)),"") | D50: =IFERROR(INDEX(Base!$N$5:$N$2004,MATCH(E47*100+3,Base!$P$5:$P$2004,0)),"") | E50: =IFERROR(INDEX(Base!$M$5:$M$2004,MATCH(E47*100+3,Base!$P$5:$P$2004,0)),"") | F50: =IFERROR(INDEX(Base!$N$5:$N$2004,MATCH(G47*100+3,Base!$P$5:$P$2004,0)),"") | G50: =IFERROR(INDEX(Base!$M$5:$M$2004,MATCH(G47*100+3,Base!$P$5:$P$2004,0)),"") | H50: =IFERROR(INDEX(Base!$N$5:$N$2004,MATCH(I47*100+3,Base!$P$5:$P$2004,0)),"") -> PRA | I50: =IFERROR(INDEX(Base!$M$5:$M$2004,MATCH(I47*100+3,Base!$P$5:$P$2004,0)),"") -> R3 · Insuficiência Cardíaca | J50: =IFERROR(INDEX(Base!$N$5:$N$2004,MATCH(K47*100+3,Base!$P$5:$P$2004,0)),"") | K50: =IFERROR(INDEX(Base!$M$5:$M$2004,MATCH(K47*100+3,Base!$P$5:$P$2004,0)),"") | L50: =IFERROR(INDEX(Base!$N$5:$N$2004,MATCH(M47*100+3,Base!$P$5:$P$2004,0)),"") | M50: =IFERROR(INDEX(Base!$M$5:$M$2004,MATCH(M47*100+3,Base!$P$5:$P$2004,0)),"") | N50: =IFERROR(INDEX(Base!$N$5:$N$2004,MATCH(O47*100+3,Base!$P$5:$P$2004,0)),"") -> PRA | O50: =IFERROR(INDEX(Base!$M$5:$M$2004,MATCH(O47*100+3,Base!$P$5:$P$2004,0)),"") -> R3 · Tuberculose
B51: =IFERROR(INDEX(Base!$N$5:$N$2004,MATCH(C47*100+4,Base!$P$5:$P$2004,0)),"") | C51: =IFERROR(INDEX(Base!$M$5:$M$2004,MATCH(C47*100+4,Base!$P$5:$P$2004,0)),"") | D51: =IFERROR(INDEX(Base!$N$5:$N$2004,MATCH(E47*100+4,Base!$P$5:$P$2004,0)),"") | E51: =IFERROR(INDEX(Base!$M$5:$M$2004,MATCH(E47*100+4,Base!$P$5:$P$2004,0)),"") | F51: =IFERROR(INDEX(Base!$N$5:$N$2004,MATCH(G47*100+4,Base!$P$5:$P$2004,0)),"") | G51: =IFERROR(INDEX(Base!$M$5:$M$2004,MATCH(G47*100+4,Base!$P$5:$P$2004,0)),"") | H51: =IFERROR(INDEX(Base!$N$5:$N$2004,MATCH(I47*100+4,Base!$P$5:$P$2004,0)),"") | I51: =IFERROR(INDEX(Base!$M$5:$M$2004,MATCH(I47*100+4,Base!$P$5:$P$2004,0)),"") | J51: =IFERROR(INDEX(Base!$N$5:$N$2004,MATCH(K47*100+4,Base!$P$5:$P$2004,0)),"") | K51: =IFERROR(INDEX(Base!$M$5:$M$2004,MATCH(K47*100+4,Base!$P$5:$P$2004,0)),"") | L51: =IFERROR(INDEX(Base!$N$5:$N$2004,MATCH(M47*100+4,Base!$P$5:$P$2004,0)),"") | M51: =IFERROR(INDEX(Base!$M$5:$M$2004,MATCH(M47*100+4,Base!$P$5:$P$2004,0)),"") | N51: =IFERROR(INDEX(Base!$N$5:$N$2004,MATCH(O47*100+4,Base!$P$5:$P$2004,0)),"") -> PRA | O51: =IFERROR(INDEX(Base!$M$5:$M$2004,MATCH(O47*100+4,Base!$P$5:$P$2004,0)),"") -> R3 · Câncer de Pulmão e TEP
B52: =IFERROR(INDEX(Base!$N$5:$N$2004,MATCH(C47*100+5,Base!$P$5:$P$2004,0)),"") | C52: =IFERROR(INDEX(Base!$M$5:$M$2004,MATCH(C47*100+5,Base!$P$5:$P$2004,0)),"") | D52: =IFERROR(INDEX(Base!$N$5:$N$2004,MATCH(E47*100+5,Base!$P$5:$P$2004,0)),"") | E52: =IFERROR(INDEX(Base!$M$5:$M$2004,MATCH(E47*100+5,Base!$P$5:$P$2004,0)),"") | F52: =IFERROR(INDEX(Base!$N$5:$N$2004,MATCH(G47*100+5,Base!$P$5:$P$2004,0)),"") | G52: =IFERROR(INDEX(Base!$M$5:$M$2004,MATCH(G47*100+5,Base!$P$5:$P$2004,0)),"") | H52: =IFERROR(INDEX(Base!$N$5:$N$2004,MATCH(I47*100+5,Base!$P$5:$P$2004,0)),"") | I52: =IFERROR(INDEX(Base!$M$5:$M$2004,MATCH(I47*100+5,Base!$P$5:$P$2004,0)),"") | J52: =IFERROR(INDEX(Base!$N$5:$N$2004,MATCH(K47*100+5,Base!$P$5:$P$2004,0)),"") | K52: =IFERROR(INDEX(Base!$M$5:$M$2004,MATCH(K47*100+5,Base!$P$5:$P$2004,0)),"") | L52: =IFERROR(INDEX(Base!$N$5:$N$2004,MATCH(M47*100+5,Base!$P$5:$P$2004,0)),"") | M52: =IFERROR(INDEX(Base!$M$5:$M$2004,MATCH(M47*100+5,Base!$P$5:$P$2004,0)),"") | N52: =IFERROR(INDEX(Base!$N$5:$N$2004,MATCH(O47*100+5,Base!$P$5:$P$2004,0)),"") | O52: =IFERROR(INDEX(Base!$M$5:$M$2004,MATCH(O47*100+5,Base!$P$5:$P$2004,0)),"")
B53: =IFERROR(INDEX(Base!$N$5:$N$2004,MATCH(C47*100+6,Base!$P$5:$P$2004,0)),"") | C53: =IFERROR(INDEX(Base!$M$5:$M$2004,MATCH(C47*100+6,Base!$P$5:$P$2004,0)),"") | D53: =IFERROR(INDEX(Base!$N$5:$N$2004,MATCH(E47*100+6,Base!$P$5:$P$2004,0)),"") | E53: =IFERROR(INDEX(Base!$M$5:$M$2004,MATCH(E47*100+6,Base!$P$5:$P$2004,0)),"") | F53: =IFERROR(INDEX(Base!$N$5:$N$2004,MATCH(G47*100+6,Base!$P$5:$P$2004,0)),"") | G53: =IFERROR(INDEX(Base!$M$5:$M$2004,MATCH(G47*100+6,Base!$P$5:$P$2004,0)),"") | H53: =IFERROR(INDEX(Base!$N$5:$N$2004,MATCH(I47*100+6,Base!$P$5:$P$2004,0)),"") | I53: =IFERROR(INDEX(Base!$M$5:$M$2004,MATCH(I47*100+6,Base!$P$5:$P$2004,0)),"") | J53: =IFERROR(INDEX(Base!$N$5:$N$2004,MATCH(K47*100+6,Base!$P$5:$P$2004,0)),"") | K53: =IFERROR(INDEX(Base!$M$5:$M$2004,MATCH(K47*100+6,Base!$P$5:$P$2004,0)),"") | L53: =IFERROR(INDEX(Base!$N$5:$N$2004,MATCH(M47*100+6,Base!$P$5:$P$2004,0)),"") | M53: =IFERROR(INDEX(Base!$M$5:$M$2004,MATCH(M47*100+6,Base!$P$5:$P$2004,0)),"") | N53: =IFERROR(INDEX(Base!$N$5:$N$2004,MATCH(O47*100+6,Base!$P$5:$P$2004,0)),"") | O53: =IFERROR(INDEX(Base!$M$5:$M$2004,MATCH(O47*100+6,Base!$P$5:$P$2004,0)),"")
C54: =IF(COUNTIF(Base!$E$5:$E$2004,C47)>6,"+"&(COUNTIF(Base!$E$5:$E$2004,C47)-6)&" mais","") | E54: =IF(COUNTIF(Base!$E$5:$E$2004,E47)>6,"+"&(COUNTIF(Base!$E$5:$E$2004,E47)-6)&" mais","") | G54: =IF(COUNTIF(Base!$E$5:$E$2004,G47)>6,"+"&(COUNTIF(Base!$E$5:$E$2004,G47)-6)&" mais","") | I54: =IF(COUNTIF(Base!$E$5:$E$2004,I47)>6,"+"&(COUNTIF(Base!$E$5:$E$2004,I47)-6)&" mais","") | K54: =IF(COUNTIF(Base!$E$5:$E$2004,K47)>6,"+"&(COUNTIF(Base!$E$5:$E$2004,K47)-6)&" mais","") | M54: =IF(COUNTIF(Base!$E$5:$E$2004,M47)>6,"+"&(COUNTIF(Base!$E$5:$E$2004,M47)-6)&" mais","") | O54: =IF(COUNTIF(Base!$E$5:$E$2004,O47)>6,"+"&(COUNTIF(Base!$E$5:$E$2004,O47)-6)&" mais","")

Sheet Semana
B1: AGENDADOR DE REVISÕES | F1: Mês | H1: Semana | J1: Tabela | L1: Painel | N1: + Novo tema
B2: SEMANA DE ▸ | D2: =TODAY() -> 46303 | F2: ← digite qualquer data para ver a semana dela (padrão: hoje) | Q2: Início (dom) | R2: =IF(ISNUMBER($D$2),$D$2,TODAY())-WEEKDAY(IF(ISNUMBER($D$2),$D$2,TODAY()))+1 -> 46299
B3: =DAY($R$2)&" de "&LOWER(INDEX(Config!$I$6:$I$17,MONTH($R$2)))&" a "&DAY($R$3)&" de "&LOWER(INDEX(Config!$I$6:$I$17,MONTH($R$3)))&" de "&YEAR($R$3) -> 4 de outubro a 10 de outubro de 2026 | Q3: Fim (sáb) | R3: =$R$2+6 -> 46305
C4: =" "&UPPER(Config!$C$15)&" ("&COUNTIFS(Base!$I$5:$I$2004,Config!$C$15,Base!$E$5:$E$2004,">="&$R$2,Base!$E$5:$E$2004,"<="&$R$3)&")" -> TEÓRICA (2) | E4: =" "&UPPER(Config!$C$16)&" ("&COUNTIFS(Base!$I$5:$I$2004,Config!$C$16,Base!$E$5:$E$2004,">="&$R$2,Base!$E$5:$E$2004,"<="&$R$3)&")" -> REVISÃO (2) | G4: =" "&UPPER(Config!$C$17)&" ("&COUNTIFS(Base!$I$5:$I$2004,Config!$C$17,Base!$E$5:$E$2004,">="&$R$2,Base!$E$5:$E$2004,"<="&$R$3)&")" -> PRÁTICA (7) | I4: =" "&UPPER(Config!$C$18)&" ("&COUNTIFS(Base!$I$5:$I$2004,Config!$C$18,Base!$E$5:$E$2004,">="&$R$2,Base!$E$5:$E$2004,"<="&$R$3)&")" -> SIMULADO (1) | K4: =" "&UPPER(Config!$C$19)&" ("&COUNTIFS(Base!$I$5:$I$2004,Config!$C$19,Base!$E$5:$E$2004,">="&$R$2,Base!$E$5:$E$2004,"<="&$R$3)&")" -> OUTRO (0) | L4: contagens desta semana
B6: DOMINGO | D6: SEGUNDA | F6: TERÇA | H6: QUARTA | J6: QUINTA | L6: SEXTA | N6: SÁBADO
C7: =$R$2+0 -> 46299 | E7: =$R$2+1 -> 46300 | G7: =$R$2+2 -> 46301 | I7: =$R$2+3 -> 46302 | K7: =$R$2+4 -> 46303 | M7: =$R$2+5 -> 46304 | O7: =$R$2+6 -> 46305
C8: =IF(COUNTIF(Base!$E$5:$E$2004,C7)=0,"livre",COUNTIF(Base!$E$5:$E$2004,C7)&IF(COUNTIF(Base!$E$5:$E$2004,C7)=1," item · "," itens · ")&COUNTIFS(Base!$E$5:$E$2004,C7,Base!$K$5:$K$2004,"✓")&" ✓") -> 3 itens · 0 ✓ | E8: =IF(COUNTIF(Base!$E$5:$E$2004,E7)=0,"livre",COUNTIF(Base!$E$5:$E$2004,E7)&IF(COUNTIF(Base!$E$5:$E$2004,E7)=1," item · "," itens · ")&COUNTIFS(Base!$E$5:$E$2004,E7,Base!$K$5:$K$2004,"✓")&" ✓") -> 4 itens · 0 ✓ | G8: =IF(COUNTIF(Base!$E$5:$E$2004,G7)=0,"livre",COUNTIF(Base!$E$5:$E$2004,G7)&IF(COUNTIF(Base!$E$5:$E$2004,G7)=1," item · "," itens · ")&COUNTIFS(Base!$E$5:$E$2004,G7,Base!$K$5:$K$2004,"✓")&" ✓") -> 2 itens · 1 ✓ | I8: =IF(COUNTIF(Base!$E$5:$E$2004,I7)=0,"livre",COUNTIF(Base!$E$5:$E$2004,I7)&IF(COUNTIF(Base!$E$5:$E$2004,I7)=1," item · "," itens · ")&COUNTIFS(Base!$E$5:$E$2004,I7,Base!$K$5:$K$2004,"✓")&" ✓") -> livre | K8: =IF(COUNTIF(Base!$E$5:$E$2004,K7)=0,"livre",COUNTIF(Base!$E$5:$E$2004,K7)&IF(COUNTIF(Base!$E$5:$E$2004,K7)=1," item · "," itens · ")&COUNTIFS(Base!$E$5:$E$2004,K7,Base!$K$5:$K$2004,"✓")&" ✓") -> 1 item · 1 ✓ | M8: =IF(COUNTIF(Base!$E$5:$E$2004,M7)=0,"livre",COUNTIF(Base!$E$5:$E$2004,M7)&IF(COUNTIF(Base!$E$5:$E$2004,M7)=1," item · "," itens · ")&COUNTIFS(Base!$E$5:$E$2004,M7,Base!$K$5:$K$2004,"✓")&" ✓") -> 2 itens · 0 ✓ | O8: =IF(COUNTIF(Base!$E$5:$E$2004,O7)=0,"livre",COUNTIF(Base!$E$5:$E$2004,O7)&IF(COUNTIF(Base!$E$5:$E$2004,O7)=1," item · "," itens · ")&COUNTIFS(Base!$E$5:$E$2004,O7,Base!$K$5:$K$2004,"✓")&" ✓") -> livre
B9: =IFERROR(INDEX(Base!$N$5:$N$2004,MATCH(C7*100+1,Base!$P$5:$P$2004,0)),"") -> PRA | C9: =IFERROR(INDEX(Base!$M$5:$M$2004,MATCH(C7*100+1,Base!$P$5:$P$2004,0)),"") -> R2 · Cardiopediatria | D9: =IFERROR(INDEX(Base!$N$5:$N$2004,MATCH(E7*100+1,Base!$P$5:$P$2004,0)),"") -> PRA | E9: =IFERROR(INDEX(Base!$M$5:$M$2004,MATCH(E7*100+1,Base!$P$5:$P$2004,0)),"") -> R2 · Doenças da Tireoide | F9: =IFERROR(INDEX(Base!$N$5:$N$2004,MATCH(G7*100+1,Base!$P$5:$P$2004,0)),"") -> REV | G9: =IFERROR(INDEX(Base!$M$5:$M$2004,MATCH(G7*100+1,Base!$P$5:$P$2004,0)),"") -> R1 · Transtornos Psiquiátricos I | H9: =IFERROR(INDEX(Base!$N$5:$N$2004,MATCH(I7*100+1,Base!$P$5:$P$2004,0)),"") | I9: =IFERROR(INDEX(Base!$M$5:$M$2004,MATCH(I7*100+1,Base!$P$5:$P$2004,0)),"") | J9: =IFERROR(INDEX(Base!$N$5:$N$2004,MATCH(K7*100+1,Base!$P$5:$P$2004,0)),"") -> TEOx | K9: =IFERROR(INDEX(Base!$M$5:$M$2004,MATCH(K7*100+1,Base!$P$5:$P$2004,0)),"") -> ✓ T · Síndromes Febris — Dengue | L9: =IFERROR(INDEX(Base!$N$5:$N$2004,MATCH(M7*100+1,Base!$P$5:$P$2004,0)),"") -> PRA | M9: =IFERROR(INDEX(Base!$M$5:$M$2004,MATCH(M7*100+1,Base!$P$5:$P$2004,0)),"") -> R2 · ATB | N9: =IFERROR(INDEX(Base!$N$5:$N$2004,MATCH(O7*100+1,Base!$P$5:$P$2004,0)),"") | O9: =IFERROR(INDEX(Base!$M$5:$M$2004,MATCH(O7*100+1,Base!$P$5:$P$2004,0)),"")
B10: =IFERROR(INDEX(Base!$N$5:$N$2004,MATCH(C7*100+2,Base!$P$5:$P$2004,0)),"") -> PRA | C10: =IFERROR(INDEX(Base!$M$5:$M$2004,MATCH(C7*100+2,Base!$P$5:$P$2004,0)),"") -> R2 · Nefrologia Pediátrica / ITU | D10: =IFERROR(INDEX(Base!$N$5:$N$2004,MATCH(E7*100+2,Base!$P$5:$P$2004,0)),"") -> PRA | E10: =IFERROR(INDEX(Base!$M$5:$M$2004,MATCH(E7*100+2,Base!$P$5:$P$2004,0)),"") -> R2 · Valvopatias | F10: =IFERROR(INDEX(Base!$N$5:$N$2004,MATCH(G7*100+2,Base!$P$5:$P$2004,0)),"") -> SIMx | G10: =IFERROR(INDEX(Base!$M$5:$M$2004,MATCH(G7*100+2,Base!$P$5:$P$2004,0)),"") -> ✓ SIM · UFCSPA 2026 | H10: =IFERROR(INDEX(Base!$N$5:$N$2004,MATCH(I7*100+2,Base!$P$5:$P$2004,0)),"") | I10: =IFERROR(INDEX(Base!$M$5:$M$2004,MATCH(I7*100+2,Base!$P$5:$P$2004,0)),"") | J10: =IFERROR(INDEX(Base!$N$5:$N$2004,MATCH(K7*100+2,Base!$P$5:$P$2004,0)),"") | K10: =IFERROR(INDEX(Base!$M$5:$M$2004,MATCH(K7*100+2,Base!$P$5:$P$2004,0)),"") | L10: =IFERROR(INDEX(Base!$N$5:$N$2004,MATCH(M7*100+2,Base!$P$5:$P$2004,0)),"") -> REV | M10: =IFERROR(INDEX(Base!$M$5:$M$2004,MATCH(M7*100+2,Base!$P$5:$P$2004,0)),"") -> R1 · Síndromes Febris — Dengue | N10: =IFERROR(INDEX(Base!$N$5:$N$2004,MATCH(O7*100+2,Base!$P$5:$P$2004,0)),"") | O10: =IFERROR(INDEX(Base!$M$5:$M$2004,MATCH(O7*100+2,Base!$P$5:$P$2004,0)),"")
B11: =IFERROR(INDEX(Base!$N$5:$N$2004,MATCH(C7*100+3,Base!$P$5:$P$2004,0)),"") -> PRA | C11: =IFERROR(INDEX(Base!$M$5:$M$2004,MATCH(C7*100+3,Base!$P$5:$P$2004,0)),"") -> R2 · Asma e DPOC | D11: =IFERROR(INDEX(Base!$N$5:$N$2004,MATCH(E7*100+3,Base!$P$5:$P$2004,0)),"") -> PRA | E11: =IFERROR(INDEX(Base!$M$5:$M$2004,MATCH(E7*100+3,Base!$P$5:$P$2004,0)),"") -> R2 · Demência e Parkinson | F11: =IFERROR(INDEX(Base!$N$5:$N$2004,MATCH(G7*100+3,Base!$P$5:$P$2004,0)),"") | G11: =IFERROR(INDEX(Base!$M$5:$M$2004,MATCH(G7*100+3,Base!$P$5:$P$2004,0)),"") | H11: =IFERROR(INDEX(Base!$N$5:$N$2004,MATCH(I7*100+3,Base!$P$5:$P$2004,0)),"") | I11: =IFERROR(INDEX(Base!$M$5:$M$2004,MATCH(I7*100+3,Base!$P$5:$P$2004,0)),"") | J11: =IFERROR(INDEX(Base!$N$5:$N$2004,MATCH(K7*100+3,Base!$P$5:$P$2004,0)),"") | K11: =IFERROR(INDEX(Base!$M$5:$M$2004,MATCH(K7*100+3,Base!$P$5:$P$2004,0)),"") | L11: =IFERROR(INDEX(Base!$N$5:$N$2004,MATCH(M7*100+3,Base!$P$5:$P$2004,0)),"") | M11: =IFERROR(INDEX(Base!$M$5:$M$2004,MATCH(M7*100+3,Base!$P$5:$P$2004,0)),"") | N11: =IFERROR(INDEX(Base!$N$5:$N$2004,MATCH(O7*100+3,Base!$P$5:$P$2004,0)),"") | O11: =IFERROR(INDEX(Base!$M$5:$M$2004,MATCH(O7*100+3,Base!$P$5:$P$2004,0)),"")
B12: =IFERROR(INDEX(Base!$N$5:$N$2004,MATCH(C7*100+4,Base!$P$5:$P$2004,0)),"") | C12: =IFERROR(INDEX(Base!$M$5:$M$2004,MATCH(C7*100+4,Base!$P$5:$P$2004,0)),"") | D12: =IFERROR(INDEX(Base!$N$5:$N$2004,MATCH(E7*100+4,Base!$P$5:$P$2004,0)),"") -> TEO | E12: =IFERROR(INDEX(Base!$M$5:$M$2004,MATCH(E7*100+4,Base!$P$5:$P$2004,0)),"") -> T · Transtornos Psiquiátricos I | F12: =IFERROR(INDEX(Base!$N$5:$N$2004,MATCH(G7*100+4,Base!$P$5:$P$2004,0)),"") | G12: =IFERROR(INDEX(Base!$M$5:$M$2004,MATCH(G7*100+4,Base!$P$5:$P$2004,0)),"") | H12: =IFERROR(INDEX(Base!$N$5:$N$2004,MATCH(I7*100+4,Base!$P$5:$P$2004,0)),"") | I12: =IFERROR(INDEX(Base!$M$5:$M$2004,MATCH(I7*100+4,Base!$P$5:$P$2004,0)),"") | J12: =IFERROR(INDEX(Base!$N$5:$N$2004,MATCH(K7*100+4,Base!$P$5:$P$2004,0)),"") | K12: =IFERROR(INDEX(Base!$M$5:$M$2004,MATCH(K7*100+4,Base!$P$5:$P$2004,0)),"") | L12: =IFERROR(INDEX(Base!$N$5:$N$2004,MATCH(M7*100+4,Base!$P$5:$P$2004,0)),"") | M12: =IFERROR(INDEX(Base!$M$5:$M$2004,MATCH(M7*100+4,Base!$P$5:$P$2004,0)),"") | N12: =IFERROR(INDEX(Base!$N$5:$N$2004,MATCH(O7*100+4,Base!$P$5:$P$2004,0)),"") | O12: =IFERROR(INDEX(Base!$M$5:$M$2004,MATCH(O7*100+4,Base!$P$5:$P$2004,0)),"")
B13: =IFERROR(INDEX(Base!$N$5:$N$2004,MATCH(C7*100+5,Base!$P$5:$P$2004,0)),"") | C13: =IFERROR(INDEX(Base!$M$5:$M$2004,MATCH(C7*100+5,Base!$P$5:$P$2004,0)),"") | D13: =IFERROR(INDEX(Base!$N$5:$N$2004,MATCH(E7*100+5,Base!$P$5:$P$2004,0)),"") | E13: =IFERROR(INDEX(Base!$M$5:$M$2004,MATCH(E7*100+5,Base!$P$5:$P$2004,0)),"") | F13: =IFERROR(INDEX(Base!$N$5:$N$2004,MATCH(G7*100+5,Base!$P$5:$P$2004,0)),"") | G13: =IFERROR(INDEX(Base!$M$5:$M$2004,MATCH(G7*100+5,Base!$P$5:$P$2004,0)),"") | H13: =IFERROR(INDEX(Base!$N$5:$N$2004,MATCH(I7*100+5,Base!$P$5:$P$2004,0)),"") | I13: =IFERROR(INDEX(Base!$M$5:$M$2004,MATCH(I7*100+5,Base!$P$5:$P$2004,0)),"") | J13: =IFERROR(INDEX(Base!$N$5:$N$2004,MATCH(K7*100+5,Base!$P$5:$P$2004,0)),"") | K13: =IFERROR(INDEX(Base!$M$5:$M$2004,MATCH(K7*100+5,Base!$P$5:$P$2004,0)),"") | L13: =IFERROR(INDEX(Base!$N$5:$N$2004,MATCH(M7*100+5,Base!$P$5:$P$2004,0)),"") | M13: =IFERROR(INDEX(Base!$M$5:$M$2004,MATCH(M7*100+5,Base!$P$5:$P$2004,0)),"") | N13: =IFERROR(INDEX(Base!$N$5:$N$2004,MATCH(O7*100+5,Base!$P$5:$P$2004,0)),"") | O13: =IFERROR(INDEX(Base!$M$5:$M$2004,MATCH(O7*100+5,Base!$P$5:$P$2004,0)),"")
B14: =IFERROR(INDEX(Base!$N$5:$N$2004,MATCH(C7*100+6,Base!$P$5:$P$2004,0)),"") | C14: =IFERROR(INDEX(Base!$M$5:$M$2004,MATCH(C7*100+6,Base!$P$5:$P$2004,0)),"") | D14: =IFERROR(INDEX(Base!$N$5:$N$2004,MATCH(E7*100+6,Base!$P$5:$P$2004,0)),"") | E14: =IFERROR(INDEX(Base!$M$5:$M$2004,MATCH(E7*100+6,Base!$P$5:$P$2004,0)),"") | F14: =IFERROR(INDEX(Base!$N$5:$N$2004,MATCH(G7*100+6,Base!$P$5:$P$2004,0)),"") | G14: =IFERROR(INDEX(Base!$M$5:$M$2004,MATCH(G7*100+6,Base!$P$5:$P$2004,0)),"") | H14: =IFERROR(INDEX(Base!$N$5:$N$2004,MATCH(I7*100+6,Base!$P$5:$P$2004,0)),"") | I14: =IFERROR(INDEX(Base!$M$5:$M$2004,MATCH(I7*100+6,Base!$P$5:$P$2004,0)),"") | J14: =IFERROR(INDEX(Base!$N$5:$N$2004,MATCH(K7*100+6,Base!$P$5:$P$2004,0)),"") | K14: =IFERROR(INDEX(Base!$M$5:$M$2004,MATCH(K7*100+6,Base!$P$5:$P$2004,0)),"") | L14: =IFERROR(INDEX(Base!$N$5:$N$2004,MATCH(M7*100+6,Base!$P$5:$P$2004,0)),"") | M14: =IFERROR(INDEX(Base!$M$5:$M$2004,MATCH(M7*100+6,Base!$P$5:$P$2004,0)),"") | N14: =IFERROR(INDEX(Base!$N$5:$N$2004,MATCH(O7*100+6,Base!$P$5:$P$2004,0)),"") | O14: =IFERROR(INDEX(Base!$M$5:$M$2004,MATCH(O7*100+6,Base!$P$5:$P$2004,0)),"")
B15: =IFERROR(INDEX(Base!$N$5:$N$2004,MATCH(C7*100+7,Base!$P$5:$P$2004,0)),"") | C15: =IFERROR(INDEX(Base!$M$5:$M$2004,MATCH(C7*100+7,Base!$P$5:$P$2004,0)),"") | D15: =IFERROR(INDEX(Base!$N$5:$N$2004,MATCH(E7*100+7,Base!$P$5:$P$2004,0)),"") | E15: =IFERROR(INDEX(Base!$M$5:$M$2004,MATCH(E7*100+7,Base!$P$5:$P$2004,0)),"") | F15: =IFERROR(INDEX(Base!$N$5:$N$2004,MATCH(G7*100+7,Base!$P$5:$P$2004,0)),"") | G15: =IFERROR(INDEX(Base!$M$5:$M$2004,MATCH(G7*100+7,Base!$P$5:$P$2004,0)),"") | H15: =IFERROR(INDEX(Base!$N$5:$N$2004,MATCH(I7*100+7,Base!$P$5:$P$2004,0)),"") | I15: =IFERROR(INDEX(Base!$M$5:$M$2004,MATCH(I7*100+7,Base!$P$5:$P$2004,0)),"") | J15: =IFERROR(INDEX(Base!$N$5:$N$2004,MATCH(K7*100+7,Base!$P$5:$P$2004,0)),"") | K15: =IFERROR(INDEX(Base!$M$5:$M$2004,MATCH(K7*100+7,Base!$P$5:$P$2004,0)),"") | L15: =IFERROR(INDEX(Base!$N$5:$N$2004,MATCH(M7*100+7,Base!$P$5:$P$2004,0)),"") | M15: =IFERROR(INDEX(Base!$M$5:$M$2004,MATCH(M7*100+7,Base!$P$5:$P$2004,0)),"") | N15: =IFERROR(INDEX(Base!$N$5:$N$2004,MATCH(O7*100+7,Base!$P$5:$P$2004,0)),"") | O15: =IFERROR(INDEX(Base!$M$5:$M$2004,MATCH(O7*100+7,Base!$P$5:$P$2004,0)),"")
B16: =IFERROR(INDEX(Base!$N$5:$N$2004,MATCH(C7*100+8,Base!$P$5:$P$2004,0)),"") | C16: =IFERROR(INDEX(Base!$M$5:$M$2004,MATCH(C7*100+8,Base!$P$5:$P$2004,0)),"") | D16: =IFERROR(INDEX(Base!$N$5:$N$2004,MATCH(E7*100+8,Base!$P$5:$P$2004,0)),"") | E16: =IFERROR(INDEX(Base!$M$5:$M$2004,MATCH(E7*100+8,Base!$P$5:$P$2004,0)),"") | F16: =IFERROR(INDEX(Base!$N$5:$N$2004,MATCH(G7*100+8,Base!$P$5:$P$2004,0)),"") | G16: =IFERROR(INDEX(Base!$M$5:$M$2004,MATCH(G7*100+8,Base!$P$5:$P$2004,0)),"") | H16: =IFERROR(INDEX(Base!$N$5:$N$2004,MATCH(I7*100+8,Base!$P$5:$P$2004,0)),"") | I16: =IFERROR(INDEX(Base!$M$5:$M$2004,MATCH(I7*100+8,Base!$P$5:$P$2004,0)),"") | J16: =IFERROR(INDEX(Base!$N$5:$N$2004,MATCH(K7*100+8,Base!$P$5:$P$2004,0)),"") | K16: =IFERROR(INDEX(Base!$M$5:$M$2004,MATCH(K7*100+8,Base!$P$5:$P$2004,0)),"") | L16: =IFERROR(INDEX(Base!$N$5:$N$2004,MATCH(M7*100+8,Base!$P$5:$P$2004,0)),"") | M16: =IFERROR(INDEX(Base!$M$5:$M$2004,MATCH(M7*100+8,Base!$P$5:$P$2004,0)),"") | N16: =IFERROR(INDEX(Base!$N$5:$N$2004,MATCH(O7*100+8,Base!$P$5:$P$2004,0)),"") | O16: =IFERROR(INDEX(Base!$M$5:$M$2004,MATCH(O7*100+8,Base!$P$5:$P$2004,0)),"")
B17: =IFERROR(INDEX(Base!$N$5:$N$2004,MATCH(C7*100+9,Base!$P$5:$P$2004,0)),"") | C17: =IFERROR(INDEX(Base!$M$5:$M$2004,MATCH(C7*100+9,Base!$P$5:$P$2004,0)),"") | D17: =IFERROR(INDEX(Base!$N$5:$N$2004,MATCH(E7*100+9,Base!$P$5:$P$2004,0)),"") | E17: =IFERROR(INDEX(Base!$M$5:$M$2004,MATCH(E7*100+9,Base!$P$5:$P$2004,0)),"") | F17: =IFERROR(INDEX(Base!$N$5:$N$2004,MATCH(G7*100+9,Base!$P$5:$P$2004,0)),"") | G17: =IFERROR(INDEX(Base!$M$5:$M$2004,MATCH(G7*100+9,Base!$P$5:$P$2004,0)),"") | H17: =IFERROR(INDEX(Base!$N$5:$N$2004,MATCH(I7*100+9,Base!$P$5:$P$2004,0)),"") | I17: =IFERROR(INDEX(Base!$M$5:$M$2004,MATCH(I7*100+9,Base!$P$5:$P$2004,0)),"") | J17: =IFERROR(INDEX(Base!$N$5:$N$2004,MATCH(K7*100+9,Base!$P$5:$P$2004,0)),"") | K17: =IFERROR(INDEX(Base!$M$5:$M$2004,MATCH(K7*100+9,Base!$P$5:$P$2004,0)),"") | L17: =IFERROR(INDEX(Base!$N$5:$N$2004,MATCH(M7*100+9,Base!$P$5:$P$2004,0)),"") | M17: =IFERROR(INDEX(Base!$M$5:$M$2004,MATCH(M7*100+9,Base!$P$5:$P$2004,0)),"") | N17: =IFERROR(INDEX(Base!$N$5:$N$2004,MATCH(O7*100+9,Base!$P$5:$P$2004,0)),"") | O17: =IFERROR(INDEX(Base!$M$5:$M$2004,MATCH(O7*100+9,Base!$P$5:$P$2004,0)),"")
B18: =IFERROR(INDEX(Base!$N$5:$N$2004,MATCH(C7*100+10,Base!$P$5:$P$2004,0)),"") | C18: =IFERROR(INDEX(Base!$M$5:$M$2004,MATCH(C7*100+10,Base!$P$5:$P$2004,0)),"") | D18: =IFERROR(INDEX(Base!$N$5:$N$2004,MATCH(E7*100+10,Base!$P$5:$P$2004,0)),"") | E18: =IFERROR(INDEX(Base!$M$5:$M$2004,MATCH(E7*100+10,Base!$P$5:$P$2004,0)),"") | F18: =IFERROR(INDEX(Base!$N$5:$N$2004,MATCH(G7*100+10,Base!$P$5:$P$2004,0)),"") | G18: =IFERROR(INDEX(Base!$M$5:$M$2004,MATCH(G7*100+10,Base!$P$5:$P$2004,0)),"") | H18: =IFERROR(INDEX(Base!$N$5:$N$2004,MATCH(I7*100+10,Base!$P$5:$P$2004,0)),"") | I18: =IFERROR(INDEX(Base!$M$5:$M$2004,MATCH(I7*100+10,Base!$P$5:$P$2004,0)),"") | J18: =IFERROR(INDEX(Base!$N$5:$N$2004,MATCH(K7*100+10,Base!$P$5:$P$2004,0)),"") | K18: =IFERROR(INDEX(Base!$M$5:$M$2004,MATCH(K7*100+10,Base!$P$5:$P$2004,0)),"") | L18: =IFERROR(INDEX(Base!$N$5:$N$2004,MATCH(M7*100+10,Base!$P$5:$P$2004,0)),"") | M18: =IFERROR(INDEX(Base!$M$5:$M$2004,MATCH(M7*100+10,Base!$P$5:$P$2004,0)),"") | N18: =IFERROR(INDEX(Base!$N$5:$N$2004,MATCH(O7*100+10,Base!$P$5:$P$2004,0)),"") | O18: =IFERROR(INDEX(Base!$M$5:$M$2004,MATCH(O7*100+10,Base!$P$5:$P$2004,0)),"")
B19: =IFERROR(INDEX(Base!$N$5:$N$2004,MATCH(C7*100+11,Base!$P$5:$P$2004,0)),"") | C19: =IFERROR(INDEX(Base!$M$5:$M$2004,MATCH(C7*100+11,Base!$P$5:$P$2004,0)),"") | D19: =IFERROR(INDEX(Base!$N$5:$N$2004,MATCH(E7*100+11,Base!$P$5:$P$2004,0)),"") | E19: =IFERROR(INDEX(Base!$M$5:$M$2004,MATCH(E7*100+11,Base!$P$5:$P$2004,0)),"") | F19: =IFERROR(INDEX(Base!$N$5:$N$2004,MATCH(G7*100+11,Base!$P$5:$P$2004,0)),"") | G19: =IFERROR(INDEX(Base!$M$5:$M$2004,MATCH(G7*100+11,Base!$P$5:$P$2004,0)),"") | H19: =IFERROR(INDEX(Base!$N$5:$N$2004,MATCH(I7*100+11,Base!$P$5:$P$2004,0)),"") | I19: =IFERROR(INDEX(Base!$M$5:$M$2004,MATCH(I7*100+11,Base!$P$5:$P$2004,0)),"") | J19: =IFERROR(INDEX(Base!$N$5:$N$2004,MATCH(K7*100+11,Base!$P$5:$P$2004,0)),"") | K19: =IFERROR(INDEX(Base!$M$5:$M$2004,MATCH(K7*100+11,Base!$P$5:$P$2004,0)),"") | L19: =IFERROR(INDEX(Base!$N$5:$N$2004,MATCH(M7*100+11,Base!$P$5:$P$2004,0)),"") | M19: =IFERROR(INDEX(Base!$M$5:$M$2004,MATCH(M7*100+11,Base!$P$5:$P$2004,0)),"") | N19: =IFERROR(INDEX(Base!$N$5:$N$2004,MATCH(O7*100+11,Base!$P$5:$P$2004,0)),"") | O19: =IFERROR(INDEX(Base!$M$5:$M$2004,MATCH(O7*100+11,Base!$P$5:$P$2004,0)),"")
B20: =IFERROR(INDEX(Base!$N$5:$N$2004,MATCH(C7*100+12,Base!$P$5:$P$2004,0)),"") | C20: =IFERROR(INDEX(Base!$M$5:$M$2004,MATCH(C7*100+12,Base!$P$5:$P$2004,0)),"") | D20: =IFERROR(INDEX(Base!$N$5:$N$2004,MATCH(E7*100+12,Base!$P$5:$P$2004,0)),"") | E20: =IFERROR(INDEX(Base!$M$5:$M$2004,MATCH(E7*100+12,Base!$P$5:$P$2004,0)),"") | F20: =IFERROR(INDEX(Base!$N$5:$N$2004,MATCH(G7*100+12,Base!$P$5:$P$2004,0)),"") | G20: =IFERROR(INDEX(Base!$M$5:$M$2004,MATCH(G7*100+12,Base!$P$5:$P$2004,0)),"") | H20: =IFERROR(INDEX(Base!$N$5:$N$2004,MATCH(I7*100+12,Base!$P$5:$P$2004,0)),"") | I20: =IFERROR(INDEX(Base!$M$5:$M$2004,MATCH(I7*100+12,Base!$P$5:$P$2004,0)),"") | J20: =IFERROR(INDEX(Base!$N$5:$N$2004,MATCH(K7*100+12,Base!$P$5:$P$2004,0)),"") | K20: =IFERROR(INDEX(Base!$M$5:$M$2004,MATCH(K7*100+12,Base!$P$5:$P$2004,0)),"") | L20: =IFERROR(INDEX(Base!$N$5:$N$2004,MATCH(M7*100+12,Base!$P$5:$P$2004,0)),"") | M20: =IFERROR(INDEX(Base!$M$5:$M$2004,MATCH(M7*100+12,Base!$P$5:$P$2004,0)),"") | N20: =IFERROR(INDEX(Base!$N$5:$N$2004,MATCH(O7*100+12,Base!$P$5:$P$2004,0)),"") | O20: =IFERROR(INDEX(Base!$M$5:$M$2004,MATCH(O7*100+12,Base!$P$5:$P$2004,0)),"")
B21: =IFERROR(INDEX(Base!$N$5:$N$2004,MATCH(C7*100+13,Base!$P$5:$P$2004,0)),"") | C21: =IFERROR(INDEX(Base!$M$5:$M$2004,MATCH(C7*100+13,Base!$P$5:$P$2004,0)),"") | D21: =IFERROR(INDEX(Base!$N$5:$N$2004,MATCH(E7*100+13,Base!$P$5:$P$2004,0)),"") | E21: =IFERROR(INDEX(Base!$M$5:$M$2004,MATCH(E7*100+13,Base!$P$5:$P$2004,0)),"") | F21: =IFERROR(INDEX(Base!$N$5:$N$2004,MATCH(G7*100+13,Base!$P$5:$P$2004,0)),"") | G21: =IFERROR(INDEX(Base!$M$5:$M$2004,MATCH(G7*100+13,Base!$P$5:$P$2004,0)),"") | H21: =IFERROR(INDEX(Base!$N$5:$N$2004,MATCH(I7*100+13,Base!$P$5:$P$2004,0)),"") | I21: =IFERROR(INDEX(Base!$M$5:$M$2004,MATCH(I7*100+13,Base!$P$5:$P$2004,0)),"") | J21: =IFERROR(INDEX(Base!$N$5:$N$2004,MATCH(K7*100+13,Base!$P$5:$P$2004,0)),"") | K21: =IFERROR(INDEX(Base!$M$5:$M$2004,MATCH(K7*100+13,Base!$P$5:$P$2004,0)),"") | L21: =IFERROR(INDEX(Base!$N$5:$N$2004,MATCH(M7*100+13,Base!$P$5:$P$2004,0)),"") | M21: =IFERROR(INDEX(Base!$M$5:$M$2004,MATCH(M7*100+13,Base!$P$5:$P$2004,0)),"") | N21: =IFERROR(INDEX(Base!$N$5:$N$2004,MATCH(O7*100+13,Base!$P$5:$P$2004,0)),"") | O21: =IFERROR(INDEX(Base!$M$5:$M$2004,MATCH(O7*100+13,Base!$P$5:$P$2004,0)),"")
B22: =IFERROR(INDEX(Base!$N$5:$N$2004,MATCH(C7*100+14,Base!$P$5:$P$2004,0)),"") | C22: =IFERROR(INDEX(Base!$M$5:$M$2004,MATCH(C7*100+14,Base!$P$5:$P$2004,0)),"") | D22: =IFERROR(INDEX(Base!$N$5:$N$2004,MATCH(E7*100+14,Base!$P$5:$P$2004,0)),"") | E22: =IFERROR(INDEX(Base!$M$5:$M$2004,MATCH(E7*100+14,Base!$P$5:$P$2004,0)),"") | F22: =IFERROR(INDEX(Base!$N$5:$N$2004,MATCH(G7*100+14,Base!$P$5:$P$2004,0)),"") | G22: =IFERROR(INDEX(Base!$M$5:$M$2004,MATCH(G7*100+14,Base!$P$5:$P$2004,0)),"") | H22: =IFERROR(INDEX(Base!$N$5:$N$2004,MATCH(I7*100+14,Base!$P$5:$P$2004,0)),"") | I22: =IFERROR(INDEX(Base!$M$5:$M$2004,MATCH(I7*100+14,Base!$P$5:$P$2004,0)),"") | J22: =IFERROR(INDEX(Base!$N$5:$N$2004,MATCH(K7*100+14,Base!$P$5:$P$2004,0)),"") | K22: =IFERROR(INDEX(Base!$M$5:$M$2004,MATCH(K7*100+14,Base!$P$5:$P$2004,0)),"") | L22: =IFERROR(INDEX(Base!$N$5:$N$2004,MATCH(M7*100+14,Base!$P$5:$P$2004,0)),"") | M22: =IFERROR(INDEX(Base!$M$5:$M$2004,MATCH(M7*100+14,Base!$P$5:$P$2004,0)),"") | N22: =IFERROR(INDEX(Base!$N$5:$N$2004,MATCH(O7*100+14,Base!$P$5:$P$2004,0)),"") | O22: =IFERROR(INDEX(Base!$M$5:$M$2004,MATCH(O7*100+14,Base!$P$5:$P$2004,0)),"")
B23: =IFERROR(INDEX(Base!$N$5:$N$2004,MATCH(C7*100+15,Base!$P$5:$P$2004,0)),"") | C23: =IFERROR(INDEX(Base!$M$5:$M$2004,MATCH(C7*100+15,Base!$P$5:$P$2004,0)),"") | D23: =IFERROR(INDEX(Base!$N$5:$N$2004,MATCH(E7*100+15,Base!$P$5:$P$2004,0)),"") | E23: =IFERROR(INDEX(Base!$M$5:$M$2004,MATCH(E7*100+15,Base!$P$5:$P$2004,0)),"") | F23: =IFERROR(INDEX(Base!$N$5:$N$2004,MATCH(G7*100+15,Base!$P$5:$P$2004,0)),"") | G23: =IFERROR(INDEX(Base!$M$5:$M$2004,MATCH(G7*100+15,Base!$P$5:$P$2004,0)),"") | H23: =IFERROR(INDEX(Base!$N$5:$N$2004,MATCH(I7*100+15,Base!$P$5:$P$2004,0)),"") | I23: =IFERROR(INDEX(Base!$M$5:$M$2004,MATCH(I7*100+15,Base!$P$5:$P$2004,0)),"") | J23: =IFERROR(INDEX(Base!$N$5:$N$2004,MATCH(K7*100+15,Base!$P$5:$P$2004,0)),"") | K23: =IFERROR(INDEX(Base!$M$5:$M$2004,MATCH(K7*100+15,Base!$P$5:$P$2004,0)),"") | L23: =IFERROR(INDEX(Base!$N$5:$N$2004,MATCH(M7*100+15,Base!$P$5:$P$2004,0)),"") | M23: =IFERROR(INDEX(Base!$M$5:$M$2004,MATCH(M7*100+15,Base!$P$5:$P$2004,0)),"") | N23: =IFERROR(INDEX(Base!$N$5:$N$2004,MATCH(O7*100+15,Base!$P$5:$P$2004,0)),"") | O23: =IFERROR(INDEX(Base!$M$5:$M$2004,MATCH(O7*100+15,Base!$P$5:$P$2004,0)),"")
C24: =IF(COUNTIF(Base!$E$5:$E$2004,C7)>15,"+"&(COUNTIF(Base!$E$5:$E$2004,C7)-15)&" mais (veja a aba Tabela)","") | E24: =IF(COUNTIF(Base!$E$5:$E$2004,E7)>15,"+"&(COUNTIF(Base!$E$5:$E$2004,E7)-15)&" mais (veja a aba Tabela)","") | G24: =IF(COUNTIF(Base!$E$5:$E$2004,G7)>15,"+"&(COUNTIF(Base!$E$5:$E$2004,G7)-15)&" mais (veja a aba Tabela)","") | I24: =IF(COUNTIF(Base!$E$5:$E$2004,I7)>15,"+"&(COUNTIF(Base!$E$5:$E$2004,I7)-15)&" mais (veja a aba Tabela)","") | K24: =IF(COUNTIF(Base!$E$5:$E$2004,K7)>15,"+"&(COUNTIF(Base!$E$5:$E$2004,K7)-15)&" mais (veja a aba Tabela)","") | M24: =IF(COUNTIF(Base!$E$5:$E$2004,M7)>15,"+"&(COUNTIF(Base!$E$5:$E$2004,M7)-15)&" mais (veja a aba Tabela)","") | O24: =IF(COUNTIF(Base!$E$5:$E$2004,O7)>15,"+"&(COUNTIF(Base!$E$5:$E$2004,O7)-15)&" mais (veja a aba Tabela)","")

Sheet Tabela
D1: Mês | E1: Semana | G1: Tabela | H1: Painel | I1: + Novo tema
A2: Tabela — todos os eventos em ordem de data
A3: Use os filtros do cabeçalho (ex.: Status = Atrasado, Categoria = Prática). Não edite aqui: altere em Temas ou Avulsos.
A5: # | B5: Data | C5: Dia | D5: Tema / título | E5: Etapa | F5: Sigla | G5: Categoria | H5: Grande Área | I5: Status | J5: chave | K5: linha
A6: =IF($K6="","",ROW()-5) -> 1 | B6: =IF($K6="","",INDEX(Base!$E$5:$E$2004,$K6)) -> 46292 | C6: =IF($K6="","",B6) -> 46292 | D6: =IF($K6="","",INDEX(Base!$F$5:$F$2004,$K6)) -> Cardiopediatria | E6: =IF($K6="","",INDEX(Base!$G$5:$G$2004,$K6)) -> Aula teórica | F6: =IF($K6="","",INDEX(Base!$H$5:$H$2004,$K6)) -> T | G6: =IF($K6="","",INDEX(Base!$I$5:$I$2004,$K6)) -> Teórica | H6: =IF($K6="","",INDEX(Base!$J$5:$J$2004,$K6)) -> Pediatria | I6: =IF($K6="","",INDEX(Base!$L$5:$L$2004,$K6)) -> Concluído | J6: =IFERROR(SMALL(Base!$P$5:$P$2004,ROW()-5),"") -> 4629201 | K6: =IF(J6="","",MATCH(J6,Base!$P$5:$P$2004,0)) -> 1
A7: =IF($K7="","",ROW()-5) -> 2 | B7: =IF($K7="","",INDEX(Base!$E$5:$E$2004,$K7)) -> 46292 | C7: =IF($K7="","",B7) -> 46292 | D7: =IF($K7="","",INDEX(Base!$F$5:$F$2004,$K7)) -> Nefrologia Pediátrica / ITU | E7: =IF($K7="","",INDEX(Base!$G$5:$G$2004,$K7)) -> Aula teórica | F7: =IF($K7="","",INDEX(Base!$H$5:$H$2004,$K7)) -> T | G7: =IF($K7="","",INDEX(Base!$I$5:$I$2004,$K7)) -> Teórica | H7: =IF($K7="","",INDEX(Base!$J$5:$J$2004,$K7)) -> Pediatria | I7: =IF($K7="","",INDEX(Base!$L$5:$L$2004,$K7)) -> Concluído | J7: =IFERROR(SMALL(Base!$P$5:$P$2004,ROW()-5),"") -> 4629202 | K7: =IF(J7="","",MATCH(J7,Base!$P$5:$P$2004,0)) -> 7
A8: =IF($K8="","",ROW()-5) -> 3 | B8: =IF($K8="","",INDEX(Base!$E$5:$E$2004,$K8)) -> 46292 | C8: =IF($K8="","",B8) -> 46292 | D8: =IF($K8="","",INDEX(Base!$F$5:$F$2004,$K8)) -> Asma e DPOC | E8: =IF($K8="","",INDEX(Base!$G$5:$G$2004,$K8)) -> Aula teórica | F8: =IF($K8="","",INDEX(Base!$H$5:$H$2004,$K8)) -> T | G8: =IF($K8="","",INDEX(Base!$I$5:$I$2004,$K8)) -> Teórica | H8: =IF($K8="","",INDEX(Base!$J$5:$J$2004,$K8)) -> Clínica Médica | I8: =IF($K8="","",INDEX(Base!$L$5:$L$2004,$K8)) -> Concluído | J8: =IFERROR(SMALL(Base!$P$5:$P$2004,ROW()-5),"") -> 4629203 | K8: =IF(J8="","",MATCH(J8,Base!$P$5:$P$2004,0)) -> 13
A9: =IF($K9="","",ROW()-5) -> 4 | B9: =IF($K9="","",INDEX(Base!$E$5:$E$2004,$K9)) -> 46293 | C9: =IF($K9="","",B9) -> 46293 | D9: =IF($K9="","",INDEX(Base!$F$5:$F$2004,$K9)) -> Cardiopediatria | E9: =IF($K9="","",INDEX(Base!$G$5:$G$2004,$K9)) -> 1ª Revisão | F9: =IF($K9="","",INDEX(Base!$H$5:$H$2004,$K9)) -> R1 | G9: =IF($K9="","",INDEX(Base!$I$5:$I$2004,$K9)) -> Revisão | H9: =IF($K9="","",INDEX(Base!$J$5:$J$2004,$K9)) -> Pediatria | I9: =IF($K9="","",INDEX(Base!$L$5:$L$2004,$K9)) -> Concluído | J9: =IFERROR(SMALL(Base!$P$5:$P$2004,ROW()-5),"") -> 4629301 | K9: =IF(J9="","",MATCH(J9,Base!$P$5:$P$2004,0)) -> 2
A10: =IF($K10="","",ROW()-5) -> 5 | B10: =IF($K10="","",INDEX(Base!$E$5:$E$2004,$K10)) -> 46293 | C10: =IF($K10="","",B10) -> 46293 | D10: =IF($K10="","",INDEX(Base!$F$5:$F$2004,$K10)) -> Nefrologia Pediátrica / ITU | E10: =IF($K10="","",INDEX(Base!$G$5:$G$2004,$K10)) -> 1ª Revisão | F10: =IF($K10="","",INDEX(Base!$H$5:$H$2004,$K10)) -> R1 | G10: =IF($K10="","",INDEX(Base!$I$5:$I$2004,$K10)) -> Revisão | H10: =IF($K10="","",INDEX(Base!$J$5:$J$2004,$K10)) -> Pediatria | I10: =IF($K10="","",INDEX(Base!$L$5:$L$2004,$K10)) -> Concluído | J10: =IFERROR(SMALL(Base!$P$5:$P$2004,ROW()-5),"") -> 4629302 | K10: =IF(J10="","",MATCH(J10,Base!$P$5:$P$2004,0)) -> 8
A11: =IF($K11="","",ROW()-5) -> 6 | B11: =IF($K11="","",INDEX(Base!$E$5:$E$2004,$K11)) -> 46293 | C11: =IF($K11="","",B11) -> 46293 | D11: =IF($K11="","",INDEX(Base!$F$5:$F$2004,$K11)) -> Asma e DPOC | E11: =IF($K11="","",INDEX(Base!$G$5:$G$2004,$K11)) -> 1ª Revisão | F11: =IF($K11="","",INDEX(Base!$H$5:$H$2004,$K11)) -> R1 | G11: =IF($K11="","",INDEX(Base!$I$5:$I$2004,$K11)) -> Revisão | H11: =IF($K11="","",INDEX(Base!$J$5:$J$2004,$K11)) -> Clínica Médica | I11: =IF($K11="","",INDEX(Base!$L$5:$L$2004,$K11)) -> Concluído | J11: =IFERROR(SMALL(Base!$P$5:$P$2004,ROW()-5),"") -> 4629303 | K11: =IF(J11="","",MATCH(J11,Base!$P$5:$P$2004,0)) -> 14
A12: =IF($K12="","",ROW()-5) -> 7 | B12: =IF($K12="","",INDEX(Base!$E$5:$E$2004,$K12)) -> 46293 | C12: =IF($K12="","",B12) -> 46293 | D12: =IF($K12="","",INDEX(Base!$F$5:$F$2004,$K12)) -> Doenças da Tireoide | E12: =IF($K12="","",INDEX(Base!$G$5:$G$2004,$K12)) -> Aula teórica | F12: =IF($K12="","",INDEX(Base!$H$5:$H$2004,$K12)) -> T | G12: =IF($K12="","",INDEX(Base!$I$5:$I$2004,$K12)) -> Teórica | H12: =IF($K12="","",INDEX(Base!$J$5:$J$2004,$K12)) -> Clínica Médica | I12: =IF($K12="","",INDEX(Base!$L$5:$L$2004,$K12)) -> Concluído | J12: =IFERROR(SMALL(Base!$P$5:$P$2004,ROW()-5),"") -> 4629304 | K12: =IF(J12="","",MATCH(J12,Base!$P$5:$P$2004,0)) -> 19
A13: =IF($K13="","",ROW()-5) -> 8 | B13: =IF($K13="","",INDEX(Base!$E$5:$E$2004,$K13)) -> 46293 | C13: =IF($K13="","",B13) -> 46293 | D13: =IF($K13="","",INDEX(Base!$F$5:$F$2004,$K13)) -> Valvopatias | E13: =IF($K13="","",INDEX(Base!$G$5:$G$2004,$K13)) -> Aula teórica | F13: =IF($K13="","",INDEX(Base!$H$5:$H$2004,$K13)) -> T | G13: =IF($K13="","",INDEX(Base!$I$5:$I$2004,$K13)) -> Teórica | H13: =IF($K13="","",INDEX(Base!$J$5:$J$2004,$K13)) -> Clínica Médica | I13: =IF($K13="","",INDEX(Base!$L$5:$L$2004,$K13)) -> Atrasado | J13: =IFERROR(SMALL(Base!$P$5:$P$2004,ROW()-5),"") -> 4629305 | K13: =IF(J13="","",MATCH(J13,Base!$P$5:$P$2004,0)) -> 25
A14: =IF($K14="","",ROW()-5) -> 9 | B14: =IF($K14="","",INDEX(Base!$E$5:$E$2004,$K14)) -> 46293 | C14: =IF($K14="","",B14) -> 46293 | D14: =IF($K14="","",INDEX(Base!$F$5:$F$2004,$K14)) -> Demência e Parkinson | E14: =IF($K14="","",INDEX(Base!$G$5:$G$2004,$K14)) -> Aula teórica | F14: =IF($K14="","",INDEX(Base!$H$5:$H$2004,$K14)) -> T | G14: =IF($K14="","",INDEX(Base!$I$5:$I$2004,$K14)) -> Teórica | H14: =IF($K14="","",INDEX(Base!$J$5:$J$2004,$K14)) -> Clínica Médica | I14: =IF($K14="","",INDEX(Base!$L$5:$L$2004,$K14)) -> Atrasado | J14: =IFERROR(SMALL(Base!$P$5:$P$2004,ROW()-5),"") -> 4629306 | K14: =IF(J14="","",MATCH(J14,Base!$P$5:$P$2004,0)) -> 31
A15: =IF($K15="","",ROW()-5) -> 10 | B15: =IF($K15="","",INDEX(Base!$E$5:$E$2004,$K15)) -> 46294 | C15: =IF($K15="","",B15) -> 46294 | D15: =IF($K15="","",INDEX(Base!$F$5:$F$2004,$K15)) -> Doenças da Tireoide | E15: =IF($K15="","",INDEX(Base!$G$5:$G$2004,$K15)) -> 1ª Revisão | F15: =IF($K15="","",INDEX(Base!$H$5:$H$2004,$K15)) -> R1 | G15: =IF($K15="","",INDEX(Base!$I$5:$I$2004,$K15)) -> Revisão | H15: =IF($K15="","",INDEX(Base!$J$5:$J$2004,$K15)) -> Clínica Médica | I15: =IF($K15="","",INDEX(Base!$L$5:$L$2004,$K15)) -> Concluído | J15: =IFERROR(SMALL(Base!$P$5:$P$2004,ROW()-5),"") -> 4629401 | K15: =IF(J15="","",MATCH(J15,Base!$P$5:$P$2004,0)) -> 20
A16: =IF($K16="","",ROW()-5) -> 11 | B16: =IF($K16="","",INDEX(Base!$E$5:$E$2004,$K16)) -> 46294 | C16: =IF($K16="","",B16) -> 46294 | D16: =IF($K16="","",INDEX(Base!$F$5:$F$2004,$K16)) -> Valvopatias | E16: =IF($K16="","",INDEX(Base!$G$5:$G$2004,$K16)) -> 1ª Revisão | F16: =IF($K16="","",INDEX(Base!$H$5:$H$2004,$K16)) -> R1 | G16: =IF($K16="","",INDEX(Base!$I$5:$I$2004,$K16)) -> Revisão | H16: =IF($K16="","",INDEX(Base!$J$5:$J$2004,$K16)) -> Clínica Médica | I16: =IF($K16="","",INDEX(Base!$L$5:$L$2004,$K16)) -> Atrasado | J16: =IFERROR(SMALL(Base!$P$5:$P$2004,ROW()-5),"") -> 4629402 | K16: =IF(J16="","",MATCH(J16,Base!$P$5:$P$2004,0)) -> 26
A17: =IF($K17="","",ROW()-5) -> 12 | B17: =IF($K17="","",INDEX(Base!$E$5:$E$2004,$K17)) -> 46294 | C17: =IF($K17="","",B17) -> 46294 | D17: =IF($K17="","",INDEX(Base!$F$5:$F$2004,$K17)) -> Demência e Parkinson | E17: =IF($K17="","",INDEX(Base!$G$5:$G$2004,$K17)) -> 1ª Revisão | F17: =IF($K17="","",INDEX(Base!$H$5:$H$2004,$K17)) -> R1 | G17: =IF($K17="","",INDEX(Base!$I$5:$I$2004,$K17)) -> Revisão | H17: =IF($K17="","",INDEX(Base!$J$5:$J$2004,$K17)) -> Clínica Médica | I17: =IF($K17="","",INDEX(Base!$L$5:$L$2004,$K17)) -> Atrasado | J17: =IFERROR(SMALL(Base!$P$5:$P$2004,ROW()-5),"") -> 4629403 | K17: =IF(J17="","",MATCH(J17,Base!$P$5:$P$2004,0)) -> 32
... A2005: =IF($K2005="","",ROW()-5) | B2005: =IF($K2005="","",INDEX(Base!$E$5:$E$2004,$K2005)) | C2005: =IF($K2005="","",B2005) | D2005: =IF($K2005="","",INDEX(Base!$F$5:$F$2004,$K2005)) | E2005: =IF($K2005="","",INDEX(Base!$G$5:$G$2004,$K2005)) | F2005: =IF($K2005="","",INDEX(Base!$H$5:$H$2004,$K2005)) | G2005: =IF($K2005="","",INDEX(Base!$I$5:$I$2004,$K2005)) | H2005: =IF($K2005="","",INDEX(Base!$J$5:$J$2004,$K2005)) | I2005: =IF($K2005="","",INDEX(Base!$L$5:$L$2004,$K2005)) | J2005: =IFERROR(SMALL(Base!$P$5:$P$2004,ROW()-5),"") | K2005: =IF(J2005="","",MATCH(J2005,Base!$P$5:$P$2004,0))

Sheet Painel
J1: Mês | K1: Semana | L1: Tabela | M1: Painel | N1: + Novo tema
B2: Painel
B3: Hoje é | C3: =TODAY() -> 46303
B5: Temas | C5: Eventos agendados | D5: Concluídos | E5: % concluído | F5: Atrasados | G5: Para hoje | H5: Próx. 7 dias
B6: =COUNTIF(Temas!$B$6:$B$305,"?*") -> 26 | C6: =COUNT(Base!$E$5:$E$2004) -> 157 | D6: =COUNTIF(Base!$K$5:$K$2004,"✓") -> 11 | E6: =IF(C6=0,0,D6/C6) -> 0.070063694 | F6: =COUNTIF(Base!$L$5:$L$2004,"Atrasado") -> 13 | G6: =COUNTIF(Base!$E$5:$E$2004,TODAY()) -> 1 | H6: =COUNTIFS(Base!$E$5:$E$2004,">"&TODAY(),Base!$E$5:$E$2004,"<="&TODAY()+7) -> 20
C8: POR CATEGORIA | J8: POR GRANDE ÁREA
C9: Categoria | D9: Agendados | E9: Concluídos | F9: % concluído | G9: Atrasados | K9: Grande Área | L9: Temas | M9: Eventos | N9: % concluído
C10: =Config!$C$15 -> Teórica | D10: =COUNTIF(Base!$I$5:$I$2004,C10) -> 26 | E10: =COUNTIFS(Base!$I$5:$I$2004,C10,Base!$K$5:$K$2004,"✓") -> 6 | F10: =IF(D10=0,"",E10/D10) -> 0.23076923 | G10: =COUNTIFS(Base!$I$5:$I$2004,C10,Base!$L$5:$L$2004,"Atrasado") -> 3 | K10: =IF(Config!$K$6="","",Config!$K$6) -> Clínica Médica | L10: =IF(K10="","",COUNTIF(Temas!$C$6:$C$305,K10)) -> 16 | M10: =IF(K10="","",COUNTIF(Base!$J$5:$J$2004,K10)) -> 96 | N10: =IF(K10="","",IF(M10=0,"",COUNTIFS(Base!$J$5:$J$2004,K10,Base!$K$5:$K$2004,"✓")/M10)) -> 0.0625
C11: =Config!$C$16 -> Revisão | D11: =COUNTIF(Base!$I$5:$I$2004,C11) -> 52 | E11: =COUNTIFS(Base!$I$5:$I$2004,C11,Base!$K$5:$K$2004,"✓") -> 4 | F11: =IF(D11=0,"",E11/D11) -> 0.076923077 | G11: =COUNTIFS(Base!$I$5:$I$2004,C11,Base!$L$5:$L$2004,"Atrasado") -> 4 | K11: =IF(Config!$K$7="","",Config!$K$7) -> Cirurgia | L11: =IF(K11="","",COUNTIF(Temas!$C$6:$C$305,K11)) -> 4 | M11: =IF(K11="","",COUNTIF(Base!$J$5:$J$2004,K11)) -> 24 | N11: =IF(K11="","",IF(M11=0,"",COUNTIFS(Base!$J$5:$J$2004,K11,Base!$K$5:$K$2004,"✓")/M11)) -> 0
C12: =Config!$C$17 -> Prática | D12: =COUNTIF(Base!$I$5:$I$2004,C12) -> 78 | E12: =COUNTIFS(Base!$I$5:$I$2004,C12,Base!$K$5:$K$2004,"✓") -> 0 | F12: =IF(D12=0,"",E12/D12) -> 0 | G12: =COUNTIFS(Base!$I$5:$I$2004,C12,Base!$L$5:$L$2004,"Atrasado") -> 6 | K12: =IF(Config!$K$8="","",Config!$K$8) -> Pediatria | L12: =IF(K12="","",COUNTIF(Temas!$C$6:$C$305,K12)) -> 3 | M12: =IF(K12="","",COUNTIF(Base!$J$5:$J$2004,K12)) -> 18 | N12: =IF(K12="","",IF(M12=0,"",COUNTIFS(Base!$J$5:$J$2004,K12,Base!$K$5:$K$2004,"✓")/M12)) -> 0.22222222
C13: =Config!$C$18 -> Simulado | D13: =COUNTIF(Base!$I$5:$I$2004,C13) -> 1 | E13: =COUNTIFS(Base!$I$5:$I$2004,C13,Base!$K$5:$K$2004,"✓") -> 1 | F13: =IF(D13=0,"",E13/D13) -> 1 | G13: =COUNTIFS(Base!$I$5:$I$2004,C13,Base!$L$5:$L$2004,"Atrasado") -> 0 | K13: =IF(Config!$K$9="","",Config!$K$9) -> Ginecologia e Obstetrícia | L13: =IF(K13="","",COUNTIF(Temas!$C$6:$C$305,K13)) -> 3 | M13: =IF(K13="","",COUNTIF(Base!$J$5:$J$2004,K13)) -> 18 | N13: =IF(K13="","",IF(M13=0,"",COUNTIFS(Base!$J$5:$J$2004,K13,Base!$K$5:$K$2004,"✓")/M13)) -> 0
C14: =Config!$C$19 -> Outro | D14: =COUNTIF(Base!$I$5:$I$2004,C14) -> 0 | E14: =COUNTIFS(Base!$I$5:$I$2004,C14,Base!$K$5:$K$2004,"✓") -> 0 | F14: =IF(D14=0,"",E14/D14) | G14: =COUNTIFS(Base!$I$5:$I$2004,C14,Base!$L$5:$L$2004,"Atrasado") -> 0 | K14: =IF(Config!$K$10="","",Config!$K$10) -> Medicina Preventiva | L14: =IF(K14="","",COUNTIF(Temas!$C$6:$C$305,K14)) -> 0 | M14: =IF(K14="","",COUNTIF(Base!$J$5:$J$2004,K14)) -> 0 | N14: =IF(K14="","",IF(M14=0,"",COUNTIFS(Base!$J$5:$J$2004,K14,Base!$K$5:$K$2004,"✓")/M14))
C15: Total | D15: =SUM(D10:D14) -> 157 | E15: =SUM(E10:E14) -> 11 | F15: =IF(D15=0,"",E15/D15) -> 0.070063694 | G15: =SUM(G10:G14) -> 13 | K15: =IF(Config!$K$11="","",Config!$K$11) -> Outra | L15: =IF(K15="","",COUNTIF(Temas!$C$6:$C$305,K15)) -> 0 | M15: =IF(K15="","",COUNTIF(Base!$J$5:$J$2004,K15)) -> 0 | N15: =IF(K15="","",IF(M15=0,"",COUNTIFS(Base!$J$5:$J$2004,K15,Base!$K$5:$K$2004,"✓")/M15))
K16: =IF(Config!$K$12="","",Config!$K$12) | L16: =IF(K16="","",COUNTIF(Temas!$C$6:$C$305,K16)) | M16: =IF(K16="","",COUNTIF(Base!$J$5:$J$2004,K16)) | N16: =IF(K16="","",IF(M16=0,"",COUNTIFS(Base!$J$5:$J$2004,K16,Base!$K$5:$K$2004,"✓")/M16))
K17: =IF(Config!$K$13="","",Config!$K$13) | L17: =IF(K17="","",COUNTIF(Temas!$C$6:$C$305,K17)) | M17: =IF(K17="","",COUNTIF(Base!$J$5:$J$2004,K17)) | N17: =IF(K17="","",IF(M17=0,"",COUNTIFS(Base!$J$5:$J$2004,K17,Base!$K$5:$K$2004,"✓")/M17))
B20: PARA HOJE | J20: ATRASADAS · mais antigas primeiro
B21: Sigla | C21: Tema / título | D21: Etapa | E21: Categoria | F21: Status | J21: Data | K21: Tema / título | L21: Etapa | M21: Categoria | N21: Dias de atraso
B22: =IFERROR(INDEX(Base!$H$5:$H$2004,MATCH(TODAY()*100+1,Base!$P$5:$P$2004,0)),"") -> T | C22: =IFERROR(INDEX(Base!$F$5:$F$2004,MATCH(TODAY()*100+1,Base!$P$5:$P$2004,0)),"") -> Síndromes Febris — Dengue | D22: =IFERROR(INDEX(Base!$G$5:$G$2004,MATCH(TODAY()*100+1,Base!$P$5:$P$2004,0)),"") -> Aula teórica | E22: =IFERROR(INDEX(Base!$I$5:$I$2004,MATCH(TODAY()*100+1,Base!$P$5:$P$2004,0)),"") -> Teórica | F22: =IFERROR(INDEX(Base!$L$5:$L$2004,MATCH(TODAY()*100+1,Base!$P$5:$P$2004,0)),"") -> Concluído | J22: =IFERROR(INDEX(Base!$E$5:$E$2004,MATCH(SMALL(Base!$Q$5:$Q$2004,1),Base!$Q$5:$Q$2004,0)),"") -> 46293 | K22: =IFERROR(INDEX(Base!$F$5:$F$2004,MATCH(SMALL(Base!$Q$5:$Q$2004,1),Base!$Q$5:$Q$2004,0)),"") -> Valvopatias | L22: =IFERROR(INDEX(Base!$G$5:$G$2004,MATCH(SMALL(Base!$Q$5:$Q$2004,1),Base!$Q$5:$Q$2004,0)),"") -> Aula teórica | M22: =IFERROR(INDEX(Base!$I$5:$I$2004,MATCH(SMALL(Base!$Q$5:$Q$2004,1),Base!$Q$5:$Q$2004,0)),"") -> Teórica | N22: =IF(J22="","",TODAY()-J22) -> 10
B23: =IFERROR(INDEX(Base!$H$5:$H$2004,MATCH(TODAY()*100+2,Base!$P$5:$P$2004,0)),"") | C23: =IFERROR(INDEX(Base!$F$5:$F$2004,MATCH(TODAY()*100+2,Base!$P$5:$P$2004,0)),"") | D23: =IFERROR(INDEX(Base!$G$5:$G$2004,MATCH(TODAY()*100+2,Base!$P$5:$P$2004,0)),"") | E23: =IFERROR(INDEX(Base!$I$5:$I$2004,MATCH(TODAY()*100+2,Base!$P$5:$P$2004,0)),"") | F23: =IFERROR(INDEX(Base!$L$5:$L$2004,MATCH(TODAY()*100+2,Base!$P$5:$P$2004,0)),"") | J23: =IFERROR(INDEX(Base!$E$5:$E$2004,MATCH(SMALL(Base!$Q$5:$Q$2004,2),Base!$Q$5:$Q$2004,0)),"") -> 46293 | K23: =IFERROR(INDEX(Base!$F$5:$F$2004,MATCH(SMALL(Base!$Q$5:$Q$2004,2),Base!$Q$5:$Q$2004,0)),"") -> Demência e Parkinson | L23: =IFERROR(INDEX(Base!$G$5:$G$2004,MATCH(SMALL(Base!$Q$5:$Q$2004,2),Base!$Q$5:$Q$2004,0)),"") -> Aula teórica | M23: =IFERROR(INDEX(Base!$I$5:$I$2004,MATCH(SMALL(Base!$Q$5:$Q$2004,2),Base!$Q$5:$Q$2004,0)),"") -> Teórica | N23: =IF(J23="","",TODAY()-J23) -> 10
B24: =IFERROR(INDEX(Base!$H$5:$H$2004,MATCH(TODAY()*100+3,Base!$P$5:$P$2004,0)),"") | C24: =IFERROR(INDEX(Base!$F$5:$F$2004,MATCH(TODAY()*100+3,Base!$P$5:$P$2004,0)),"") | D24: =IFERROR(INDEX(Base!$G$5:$G$2004,MATCH(TODAY()*100+3,Base!$P$5:$P$2004,0)),"") | E24: =IFERROR(INDEX(Base!$I$5:$I$2004,MATCH(TODAY()*100+3,Base!$P$5:$P$2004,0)),"") | F24: =IFERROR(INDEX(Base!$L$5:$L$2004,MATCH(TODAY()*100+3,Base!$P$5:$P$2004,0)),"") | J24: =IFERROR(INDEX(Base!$E$5:$E$2004,MATCH(SMALL(Base!$Q$5:$Q$2004,3),Base!$Q$5:$Q$2004,0)),"") -> 46294 | K24: =IFERROR(INDEX(Base!$F$5:$F$2004,MATCH(SMALL(Base!$Q$5:$Q$2004,3),Base!$Q$5:$Q$2004,0)),"") -> Valvopatias | L24: =IFERROR(INDEX(Base!$G$5:$G$2004,MATCH(SMALL(Base!$Q$5:$Q$2004,3),Base!$Q$5:$Q$2004,0)),"") -> 1ª Revisão | M24: =IFERROR(INDEX(Base!$I$5:$I$2004,MATCH(SMALL(Base!$Q$5:$Q$2004,3),Base!$Q$5:$Q$2004,0)),"") -> Revisão | N24: =IF(J24="","",TODAY()-J24) -> 9
B25: =IFERROR(INDEX(Base!$H$5:$H$2004,MATCH(TODAY()*100+4,Base!$P$5:$P$2004,0)),"") | C25: =IFERROR(INDEX(Base!$F$5:$F$2004,MATCH(TODAY()*100+4,Base!$P$5:$P$2004,0)),"") | D25: =IFERROR(INDEX(Base!$G$5:$G$2004,MATCH(TODAY()*100+4,Base!$P$5:$P$2004,0)),"") | E25: =IFERROR(INDEX(Base!$I$5:$I$2004,MATCH(TODAY()*100+4,Base!$P$5:$P$2004,0)),"") | F25: =IFERROR(INDEX(Base!$L$5:$L$2004,MATCH(TODAY()*100+4,Base!$P$5:$P$2004,0)),"") | J25: =IFERROR(INDEX(Base!$E$5:$E$2004,MATCH(SMALL(Base!$Q$5:$Q$2004,4),Base!$Q$5:$Q$2004,0)),"") -> 46294 | K25: =IFERROR(INDEX(Base!$F$5:$F$2004,MATCH(SMALL(Base!$Q$5:$Q$2004,4),Base!$Q$5:$Q$2004,0)),"") -> Demência e Parkinson | L25: =IFERROR(INDEX(Base!$G$5:$G$2004,MATCH(SMALL(Base!$Q$5:$Q$2004,4),Base!$Q$5:$Q$2004,0)),"") -> 1ª Revisão | M25: =IFERROR(INDEX(Base!$I$5:$I$2004,MATCH(SMALL(Base!$Q$5:$Q$2004,4),Base!$Q$5:$Q$2004,0)),"") -> Revisão | N25: =IF(J25="","",TODAY()-J25) -> 9
B26: =IFERROR(INDEX(Base!$H$5:$H$2004,MATCH(TODAY()*100+5,Base!$P$5:$P$2004,0)),"") | C26: =IFERROR(INDEX(Base!$F$5:$F$2004,MATCH(TODAY()*100+5,Base!$P$5:$P$2004,0)),"") | D26: =IFERROR(INDEX(Base!$G$5:$G$2004,MATCH(TODAY()*100+5,Base!$P$5:$P$2004,0)),"") | E26: =IFERROR(INDEX(Base!$I$5:$I$2004,MATCH(TODAY()*100+5,Base!$P$5:$P$2004,0)),"") | F26: =IFERROR(INDEX(Base!$L$5:$L$2004,MATCH(TODAY()*100+5,Base!$P$5:$P$2004,0)),"") | J26: =IFERROR(INDEX(Base!$E$5:$E$2004,MATCH(SMALL(Base!$Q$5:$Q$2004,5),Base!$Q$5:$Q$2004,0)),"") -> 46298 | K26: =IFERROR(INDEX(Base!$F$5:$F$2004,MATCH(SMALL(Base!$Q$5:$Q$2004,5),Base!$Q$5:$Q$2004,0)),"") -> ATB | L26: =IFERROR(INDEX(Base!$G$5:$G$2004,MATCH(SMALL(Base!$Q$5:$Q$2004,5),Base!$Q$5:$Q$2004,0)),"") -> 1ª Revisão | M26: =IFERROR(INDEX(Base!$I$5:$I$2004,MATCH(SMALL(Base!$Q$5:$Q$2004,5),Base!$Q$5:$Q$2004,0)),"") -> Revisão | N26: =IF(J26="","",TODAY()-J26) -> 5
B27: =IFERROR(INDEX(Base!$H$5:$H$2004,MATCH(TODAY()*100+6,Base!$P$5:$P$2004,0)),"") | C27: =IFERROR(INDEX(Base!$F$5:$F$2004,MATCH(TODAY()*100+6,Base!$P$5:$P$2004,0)),"") | D27: =IFERROR(INDEX(Base!$G$5:$G$2004,MATCH(TODAY()*100+6,Base!$P$5:$P$2004,0)),"") | E27: =IFERROR(INDEX(Base!$I$5:$I$2004,MATCH(TODAY()*100+6,Base!$P$5:$P$2004,0)),"") | F27: =IFERROR(INDEX(Base!$L$5:$L$2004,MATCH(TODAY()*100+6,Base!$P$5:$P$2004,0)),"") | J27: =IFERROR(INDEX(Base!$E$5:$E$2004,MATCH(SMALL(Base!$Q$5:$Q$2004,6),Base!$Q$5:$Q$2004,0)),"") -> 46299 | K27: =IFERROR(INDEX(Base!$F$5:$F$2004,MATCH(SMALL(Base!$Q$5:$Q$2004,6),Base!$Q$5:$Q$2004,0)),"") -> Cardiopediatria | L27: =IFERROR(INDEX(Base!$G$5:$G$2004,MATCH(SMALL(Base!$Q$5:$Q$2004,6),Base!$Q$5:$Q$2004,0)),"") -> 2ª Revisão | M27: =IFERROR(INDEX(Base!$I$5:$I$2004,MATCH(SMALL(Base!$Q$5:$Q$2004,6),Base!$Q$5:$Q$2004,0)),"") -> Prática | N27: =IF(J27="","",TODAY()-J27) -> 4
B28: =IFERROR(INDEX(Base!$H$5:$H$2004,MATCH(TODAY()*100+7,Base!$P$5:$P$2004,0)),"") | C28: =IFERROR(INDEX(Base!$F$5:$F$2004,MATCH(TODAY()*100+7,Base!$P$5:$P$2004,0)),"") | D28: =IFERROR(INDEX(Base!$G$5:$G$2004,MATCH(TODAY()*100+7,Base!$P$5:$P$2004,0)),"") | E28: =IFERROR(INDEX(Base!$I$5:$I$2004,MATCH(TODAY()*100+7,Base!$P$5:$P$2004,0)),"") | F28: =IFERROR(INDEX(Base!$L$5:$L$2004,MATCH(TODAY()*100+7,Base!$P$5:$P$2004,0)),"") | J28: =IFERROR(INDEX(Base!$E$5:$E$2004,MATCH(SMALL(Base!$Q$5:$Q$2004,7),Base!$Q$5:$Q$2004,0)),"") -> 46299 | K28: =IFERROR(INDEX(Base!$F$5:$F$2004,MATCH(SMALL(Base!$Q$5:$Q$2004,7),Base!$Q$5:$Q$2004,0)),"") -> Nefrologia Pediátrica / ITU | L28: =IFERROR(INDEX(Base!$G$5:$G$2004,MATCH(SMALL(Base!$Q$5:$Q$2004,7),Base!$Q$5:$Q$2004,0)),"") -> 2ª Revisão | M28: =IFERROR(INDEX(Base!$I$5:$I$2004,MATCH(SMALL(Base!$Q$5:$Q$2004,7),Base!$Q$5:$Q$2004,0)),"") -> Prática | N28: =IF(J28="","",TODAY()-J28) -> 4
B29: =IFERROR(INDEX(Base!$H$5:$H$2004,MATCH(TODAY()*100+8,Base!$P$5:$P$2004,0)),"") | C29: =IFERROR(INDEX(Base!$F$5:$F$2004,MATCH(TODAY()*100+8,Base!$P$5:$P$2004,0)),"") | D29: =IFERROR(INDEX(Base!$G$5:$G$2004,MATCH(TODAY()*100+8,Base!$P$5:$P$2004,0)),"") | E29: =IFERROR(INDEX(Base!$I$5:$I$2004,MATCH(TODAY()*100+8,Base!$P$5:$P$2004,0)),"") | F29: =IFERROR(INDEX(Base!$L$5:$L$2004,MATCH(TODAY()*100+8,Base!$P$5:$P$2004,0)),"") | J29: =IFERROR(INDEX(Base!$E$5:$E$2004,MATCH(SMALL(Base!$Q$5:$Q$2004,8),Base!$Q$5:$Q$2004,0)),"") -> 46299 | K29: =IFERROR(INDEX(Base!$F$5:$F$2004,MATCH(SMALL(Base!$Q$5:$Q$2004,8),Base!$Q$5:$Q$2004,0)),"") -> Asma e DPOC | L29: =IFERROR(INDEX(Base!$G$5:$G$2004,MATCH(SMALL(Base!$Q$5:$Q$2004,8),Base!$Q$5:$Q$2004,0)),"") -> 2ª Revisão | M29: =IFERROR(INDEX(Base!$I$5:$I$2004,MATCH(SMALL(Base!$Q$5:$Q$2004,8),Base!$Q$5:$Q$2004,0)),"") -> Prática | N29: =IF(J29="","",TODAY()-J29) -> 4
B30: =IFERROR(INDEX(Base!$H$5:$H$2004,MATCH(TODAY()*100+9,Base!$P$5:$P$2004,0)),"") | C30: =IFERROR(INDEX(Base!$F$5:$F$2004,MATCH(TODAY()*100+9,Base!$P$5:$P$2004,0)),"") | D30: =IFERROR(INDEX(Base!$G$5:$G$2004,MATCH(TODAY()*100+9,Base!$P$5:$P$2004,0)),"") | E30: =IFERROR(INDEX(Base!$I$5:$I$2004,MATCH(TODAY()*100+9,Base!$P$5:$P$2004,0)),"") | F30: =IFERROR(INDEX(Base!$L$5:$L$2004,MATCH(TODAY()*100+9,Base!$P$5:$P$2004,0)),"") | J30: =IFERROR(INDEX(Base!$E$5:$E$2004,MATCH(SMALL(Base!$Q$5:$Q$2004,9),Base!$Q$5:$Q$2004,0)),"") -> 46300 | K30: =IFERROR(INDEX(Base!$F$5:$F$2004,MATCH(SMALL(Base!$Q$5:$Q$2004,9),Base!$Q$5:$Q$2004,0)),"") -> Doenças da Tireoide | L30: =IFERROR(INDEX(Base!$G$5:$G$2004,MATCH(SMALL(Base!$Q$5:$Q$2004,9),Base!$Q$5:$Q$2004,0)),"") -> 2ª Revisão | M30: =IFERROR(INDEX(Base!$I$5:$I$2004,MATCH(SMALL(Base!$Q$5:$Q$2004,9),Base!$Q$5:$Q$2004,0)),"") -> Prática | N30: =IF(J30="","",TODAY()-J30) -> 3
B31: =IFERROR(INDEX(Base!$H$5:$H$2004,MATCH(TODAY()*100+10,Base!$P$5:$P$2004,0)),"") | C31: =IFERROR(INDEX(Base!$F$5:$F$2004,MATCH(TODAY()*100+10,Base!$P$5:$P$2004,0)),"") | D31: =IFERROR(INDEX(Base!$G$5:$G$2004,MATCH(TODAY()*100+10,Base!$P$5:$P$2004,0)),"") | E31: =IFERROR(INDEX(Base!$I$5:$I$2004,MATCH(TODAY()*100+10,Base!$P$5:$P$2004,0)),"") | F31: =IFERROR(INDEX(Base!$L$5:$L$2004,MATCH(TODAY()*100+10,Base!$P$5:$P$2004,0)),"") | J31: =IFERROR(INDEX(Base!$E$5:$E$2004,MATCH(SMALL(Base!$Q$5:$Q$2004,10),Base!$Q$5:$Q$2004,0)),"") -> 46300 | K31: =IFERROR(INDEX(Base!$F$5:$F$2004,MATCH(SMALL(Base!$Q$5:$Q$2004,10),Base!$Q$5:$Q$2004,0)),"") -> Valvopatias | L31: =IFERROR(INDEX(Base!$G$5:$G$2004,MATCH(SMALL(Base!$Q$5:$Q$2004,10),Base!$Q$5:$Q$2004,0)),"") -> 2ª Revisão | M31: =IFERROR(INDEX(Base!$I$5:$I$2004,MATCH(SMALL(Base!$Q$5:$Q$2004,10),Base!$Q$5:$Q$2004,0)),"") -> Prática | N31: =IF(J31="","",TODAY()-J31) -> 3
B32: =IFERROR(INDEX(Base!$H$5:$H$2004,MATCH(TODAY()*100+11,Base!$P$5:$P$2004,0)),"") | C32: =IFERROR(INDEX(Base!$F$5:$F$2004,MATCH(TODAY()*100+11,Base!$P$5:$P$2004,0)),"") | D32: =IFERROR(INDEX(Base!$G$5:$G$2004,MATCH(TODAY()*100+11,Base!$P$5:$P$2004,0)),"") | E32: =IFERROR(INDEX(Base!$I$5:$I$2004,MATCH(TODAY()*100+11,Base!$P$5:$P$2004,0)),"") | F32: =IFERROR(INDEX(Base!$L$5:$L$2004,MATCH(TODAY()*100+11,Base!$P$5:$P$2004,0)),"") | J32: =IFERROR(INDEX(Base!$E$5:$E$2004,MATCH(SMALL(Base!$Q$5:$Q$2004,11),Base!$Q$5:$Q$2004,0)),"") -> 46300 | K32: =IFERROR(INDEX(Base!$F$5:$F$2004,MATCH(SMALL(Base!$Q$5:$Q$2004,11),Base!$Q$5:$Q$2004,0)),"") -> Demência e Parkinson | L32: =IFERROR(INDEX(Base!$G$5:$G$2004,MATCH(SMALL(Base!$Q$5:$Q$2004,11),Base!$Q$5:$Q$2004,0)),"") -> 2ª Revisão | M32: =IFERROR(INDEX(Base!$I$5:$I$2004,MATCH(SMALL(Base!$Q$5:$Q$2004,11),Base!$Q$5:$Q$2004,0)),"") -> Prática | N32: =IF(J32="","",TODAY()-J32) -> 3
B33: =IFERROR(INDEX(Base!$H$5:$H$2004,MATCH(TODAY()*100+12,Base!$P$5:$P$2004,0)),"") | C33: =IFERROR(INDEX(Base!$F$5:$F$2004,MATCH(TODAY()*100+12,Base!$P$5:$P$2004,0)),"") | D33: =IFERROR(INDEX(Base!$G$5:$G$2004,MATCH(TODAY()*100+12,Base!$P$5:$P$2004,0)),"") | E33: =IFERROR(INDEX(Base!$I$5:$I$2004,MATCH(TODAY()*100+12,Base!$P$5:$P$2004,0)),"") | F33: =IFERROR(INDEX(Base!$L$5:$L$2004,MATCH(TODAY()*100+12,Base!$P$5:$P$2004,0)),"") | J33: =IFERROR(INDEX(Base!$E$5:$E$2004,MATCH(SMALL(Base!$Q$5:$Q$2004,12),Base!$Q$5:$Q$2004,0)),"") -> 46300 | K33: =IFERROR(INDEX(Base!$F$5:$F$2004,MATCH(SMALL(Base!$Q$5:$Q$2004,12),Base!$Q$5:$Q$2004,0)),"") -> Transtornos Psiquiátricos I | L33: =IFERROR(INDEX(Base!$G$5:$G$2004,MATCH(SMALL(Base!$Q$5:$Q$2004,12),Base!$Q$5:$Q$2004,0)),"") -> Aula teórica | M33: =IFERROR(INDEX(Base!$I$5:$I$2004,MATCH(SMALL(Base!$Q$5:$Q$2004,12),Base!$Q$5:$Q$2004,0)),"") -> Teórica | N33: =IF(J33="","",TODAY()-J33) -> 3
B34: =IFERROR(INDEX(Base!$H$5:$H$2004,MATCH(TODAY()*100+13,Base!$P$5:$P$2004,0)),"") | C34: =IFERROR(INDEX(Base!$F$5:$F$2004,MATCH(TODAY()*100+13,Base!$P$5:$P$2004,0)),"") | D34: =IFERROR(INDEX(Base!$G$5:$G$2004,MATCH(TODAY()*100+13,Base!$P$5:$P$2004,0)),"") | E34: =IFERROR(INDEX(Base!$I$5:$I$2004,MATCH(TODAY()*100+13,Base!$P$5:$P$2004,0)),"") | F34: =IFERROR(INDEX(Base!$L$5:$L$2004,MATCH(TODAY()*100+13,Base!$P$5:$P$2004,0)),"") | J34: =IFERROR(INDEX(Base!$E$5:$E$2004,MATCH(SMALL(Base!$Q$5:$Q$2004,13),Base!$Q$5:$Q$2004,0)),"") -> 46301 | K34: =IFERROR(INDEX(Base!$F$5:$F$2004,MATCH(SMALL(Base!$Q$5:$Q$2004,13),Base!$Q$5:$Q$2004,0)),"") -> Transtornos Psiquiátricos I | L34: =IFERROR(INDEX(Base!$G$5:$G$2004,MATCH(SMALL(Base!$Q$5:$Q$2004,13),Base!$Q$5:$Q$2004,0)),"") -> 1ª Revisão | M34: =IFERROR(INDEX(Base!$I$5:$I$2004,MATCH(SMALL(Base!$Q$5:$Q$2004,13),Base!$Q$5:$Q$2004,0)),"") -> Revisão | N34: =IF(J34="","",TODAY()-J34) -> 2
B35: =IFERROR(INDEX(Base!$H$5:$H$2004,MATCH(TODAY()*100+14,Base!$P$5:$P$2004,0)),"") | C35: =IFERROR(INDEX(Base!$F$5:$F$2004,MATCH(TODAY()*100+14,Base!$P$5:$P$2004,0)),"") | D35: =IFERROR(INDEX(Base!$G$5:$G$2004,MATCH(TODAY()*100+14,Base!$P$5:$P$2004,0)),"") | E35: =IFERROR(INDEX(Base!$I$5:$I$2004,MATCH(TODAY()*100+14,Base!$P$5:$P$2004,0)),"") | F35: =IFERROR(INDEX(Base!$L$5:$L$2004,MATCH(TODAY()*100+14,Base!$P$5:$P$2004,0)),"") | J35: =IFERROR(INDEX(Base!$E$5:$E$2004,MATCH(SMALL(Base!$Q$5:$Q$2004,14),Base!$Q$5:$Q$2004,0)),"") | K35: =IFERROR(INDEX(Base!$F$5:$F$2004,MATCH(SMALL(Base!$Q$5:$Q$2004,14),Base!$Q$5:$Q$2004,0)),"") | L35: =IFERROR(INDEX(Base!$G$5:$G$2004,MATCH(SMALL(Base!$Q$5:$Q$2004,14),Base!$Q$5:$Q$2004,0)),"") | M35: =IFERROR(INDEX(Base!$I$5:$I$2004,MATCH(SMALL(Base!$Q$5:$Q$2004,14),Base!$Q$5:$Q$2004,0)),"") | N35: =IF(J35="","",TODAY()-J35)
B36: =IFERROR(INDEX(Base!$H$5:$H$2004,MATCH(TODAY()*100+15,Base!$P$5:$P$2004,0)),"") | C36: =IFERROR(INDEX(Base!$F$5:$F$2004,MATCH(TODAY()*100+15,Base!$P$5:$P$2004,0)),"") | D36: =IFERROR(INDEX(Base!$G$5:$G$2004,MATCH(TODAY()*100+15,Base!$P$5:$P$2004,0)),"") | E36: =IFERROR(INDEX(Base!$I$5:$I$2004,MATCH(TODAY()*100+15,Base!$P$5:$P$2004,0)),"") | F36: =IFERROR(INDEX(Base!$L$5:$L$2004,MATCH(TODAY()*100+15,Base!$P$5:$P$2004,0)),"") | J36: =IFERROR(INDEX(Base!$E$5:$E$2004,MATCH(SMALL(Base!$Q$5:$Q$2004,15),Base!$Q$5:$Q$2004,0)),"") | K36: =IFERROR(INDEX(Base!$F$5:$F$2004,MATCH(SMALL(Base!$Q$5:$Q$2004,15),Base!$Q$5:$Q$2004,0)),"") | L36: =IFERROR(INDEX(Base!$G$5:$G$2004,MATCH(SMALL(Base!$Q$5:$Q$2004,15),Base!$Q$5:$Q$2004,0)),"") | M36: =IFERROR(INDEX(Base!$I$5:$I$2004,MATCH(SMALL(Base!$Q$5:$Q$2004,15),Base!$Q$5:$Q$2004,0)),"") | N36: =IF(J36="","",TODAY()-J36)
B37: =IF($G$6>15,"+"&($G$6-15)&" itens além desta lista (veja a aba Semana)","") | J37: =IF($F$6>15,"+"&($F$6-15)&" atrasadas além desta lista (filtre Status = Atrasado na aba Tabela)","")
B39: CARGA DOS PRÓXIMOS 14 DIAS | J39: PROGRESSO POR ETAPA (temas)
B40: Data | C40: Total de itens | D40: =Config!$C$15 -> Teórica | E40: =Config!$C$16 -> Revisão | F40: =Config!$C$17 -> Prática | G40: =Config!$C$18 -> Simulado | H40: =Config!$C$19 -> Outro | J40: Sigla | K40: Etapa | L40: Agendadas | M40: Concluídas | N40: % concluído
B41: =TODAY()+0 -> 46303 | C41: =SUM(D41:H41) -> 1 | D41: =COUNTIFS(Base!$E$5:$E$2004,$B41,Base!$I$5:$I$2004,D$40) -> 1 | E41: =COUNTIFS(Base!$E$5:$E$2004,$B41,Base!$I$5:$I$2004,E$40) -> 0 | F41: =COUNTIFS(Base!$E$5:$E$2004,$B41,Base!$I$5:$I$2004,F$40) -> 0 | G41: =COUNTIFS(Base!$E$5:$E$2004,$B41,Base!$I$5:$I$2004,G$40) -> 0 | H41: =COUNTIFS(Base!$E$5:$E$2004,$B41,Base!$I$5:$I$2004,H$40) -> 0 | J41: =Config!$D$6 -> T | K41: =Config!$C$6 -> Aula teórica | L41: =COUNTIFS(Base!$D$5:$D$2004,1,Base!$E$5:$E$2004,">0") -> 26 | M41: =COUNTIFS(Base!$D$5:$D$2004,1,Base!$K$5:$K$2004,"✓") -> 6 | N41: =IF(L41=0,"",M41/L41) -> 0.23076923
B42: =TODAY()+1 -> 46304 | C42: =SUM(D42:H42) -> 2 | D42: =COUNTIFS(Base!$E$5:$E$2004,$B42,Base!$I$5:$I$2004,D$40) -> 0 | E42: =COUNTIFS(Base!$E$5:$E$2004,$B42,Base!$I$5:$I$2004,E$40) -> 1 | F42: =COUNTIFS(Base!$E$5:$E$2004,$B42,Base!$I$5:$I$2004,F$40) -> 1 | G42: =COUNTIFS(Base!$E$5:$E$2004,$B42,Base!$I$5:$I$2004,G$40) -> 0 | H42: =COUNTIFS(Base!$E$5:$E$2004,$B42,Base!$I$5:$I$2004,H$40) -> 0 | J42: =Config!$D$7 -> R1 | K42: =Config!$C$7 -> 1ª Revisão | L42: =COUNTIFS(Base!$D$5:$D$2004,2,Base!$E$5:$E$2004,">0") -> 26 | M42: =COUNTIFS(Base!$D$5:$D$2004,2,Base!$K$5:$K$2004,"✓") -> 4 | N42: =IF(L42=0,"",M42/L42) -> 0.15384615
B43: =TODAY()+2 -> 46305 | C43: =SUM(D43:H43) -> 0 | D43: =COUNTIFS(Base!$E$5:$E$2004,$B43,Base!$I$5:$I$2004,D$40) -> 0 | E43: =COUNTIFS(Base!$E$5:$E$2004,$B43,Base!$I$5:$I$2004,E$40) -> 0 | F43: =COUNTIFS(Base!$E$5:$E$2004,$B43,Base!$I$5:$I$2004,F$40) -> 0 | G43: =COUNTIFS(Base!$E$5:$E$2004,$B43,Base!$I$5:$I$2004,G$40) -> 0 | H43: =COUNTIFS(Base!$E$5:$E$2004,$B43,Base!$I$5:$I$2004,H$40) -> 0 | J43: =Config!$D$8 -> R2 | K43: =Config!$C$8 -> 2ª Revisão | L43: =COUNTIFS(Base!$D$5:$D$2004,3,Base!$E$5:$E$2004,">0") -> 26 | M43: =COUNTIFS(Base!$D$5:$D$2004,3,Base!$K$5:$K$2004,"✓") -> 0 | N43: =IF(L43=0,"",M43/L43) -> 0
B44: =TODAY()+3 -> 46306 | C44: =SUM(D44:H44) -> 1 | D44: =COUNTIFS(Base!$E$5:$E$2004,$B44,Base!$I$5:$I$2004,D$40) -> 1 | E44: =COUNTIFS(Base!$E$5:$E$2004,$B44,Base!$I$5:$I$2004,E$40) -> 0 | F44: =COUNTIFS(Base!$E$5:$E$2004,$B44,Base!$I$5:$I$2004,F$40) -> 0 | G44: =COUNTIFS(Base!$E$5:$E$2004,$B44,Base!$I$5:$I$2004,G$40) -> 0 | H44: =COUNTIFS(Base!$E$5:$E$2004,$B44,Base!$I$5:$I$2004,H$40) -> 0 | J44: =Config!$D$9 -> R3 | K44: =Config!$C$9 -> 3ª Revisão | L44: =COUNTIFS(Base!$D$5:$D$2004,4,Base!$E$5:$E$2004,">0") -> 26 | M44: =COUNTIFS(Base!$D$5:$D$2004,4,Base!$K$5:$K$2004,"✓") -> 0 | N44: =IF(L44=0,"",M44/L44) -> 0
B45: =TODAY()+4 -> 46307 | C45: =SUM(D45:H45) -> 7 | D45: =COUNTIFS(Base!$E$5:$E$2004,$B45,Base!$I$5:$I$2004,D$40) -> 2 | E45: =COUNTIFS(Base!$E$5:$E$2004,$B45,Base!$I$5:$I$2004,E$40) -> 1 | F45: =COUNTIFS(Base!$E$5:$E$2004,$B45,Base!$I$5:$I$2004,F$40) -> 4 | G45: =COUNTIFS(Base!$E$5:$E$2004,$B45,Base!$I$5:$I$2004,G$40) -> 0 | H45: =COUNTIFS(Base!$E$5:$E$2004,$B45,Base!$I$5:$I$2004,H$40) -> 0 | J45: =Config!$D$10 -> R4 | K45: =Config!$C$10 -> 4ª Revisão | L45: =COUNTIFS(Base!$D$5:$D$2004,5,Base!$E$5:$E$2004,">0") -> 26 | M45: =COUNTIFS(Base!$D$5:$D$2004,5,Base!$K$5:$K$2004,"✓") -> 0 | N45: =IF(L45=0,"",M45/L45) -> 0
B46: =TODAY()+5 -> 46308 | C46: =SUM(D46:H46) -> 5 | D46: =COUNTIFS(Base!$E$5:$E$2004,$B46,Base!$I$5:$I$2004,D$40) -> 0 | E46: =COUNTIFS(Base!$E$5:$E$2004,$B46,Base!$I$5:$I$2004,E$40) -> 2 | F46: =COUNTIFS(Base!$E$5:$E$2004,$B46,Base!$I$5:$I$2004,F$40) -> 3 | G46: =COUNTIFS(Base!$E$5:$E$2004,$B46,Base!$I$5:$I$2004,G$40) -> 0 | H46: =COUNTIFS(Base!$E$5:$E$2004,$B46,Base!$I$5:$I$2004,H$40) -> 0 | J46: =Config!$D$11 -> R5 | K46: =Config!$C$11 -> 5ª Revisão | L46: =COUNTIFS(Base!$D$5:$D$2004,6,Base!$E$5:$E$2004,">0") -> 26 | M46: =COUNTIFS(Base!$D$5:$D$2004,6,Base!$K$5:$K$2004,"✓") -> 0 | N46: =IF(L46=0,"",M46/L46) -> 0
B47: =TODAY()+6 -> 46309 | C47: =SUM(D47:H47) -> 2 | D47: =COUNTIFS(Base!$E$5:$E$2004,$B47,Base!$I$5:$I$2004,D$40) -> 2 | E47: =COUNTIFS(Base!$E$5:$E$2004,$B47,Base!$I$5:$I$2004,E$40) -> 0 | F47: =COUNTIFS(Base!$E$5:$E$2004,$B47,Base!$I$5:$I$2004,F$40) -> 0 | G47: =COUNTIFS(Base!$E$5:$E$2004,$B47,Base!$I$5:$I$2004,G$40) -> 0 | H47: =COUNTIFS(Base!$E$5:$E$2004,$B47,Base!$I$5:$I$2004,H$40) -> 0
B48: =TODAY()+7 -> 46310 | C48: =SUM(D48:H48) -> 3 | D48: =COUNTIFS(Base!$E$5:$E$2004,$B48,Base!$I$5:$I$2004,D$40) -> 0 | E48: =COUNTIFS(Base!$E$5:$E$2004,$B48,Base!$I$5:$I$2004,E$40) -> 2 | F48: =COUNTIFS(Base!$E$5:$E$2004,$B48,Base!$I$5:$I$2004,F$40) -> 1 | G48: =COUNTIFS(Base!$E$5:$E$2004,$B48,Base!$I$5:$I$2004,G$40) -> 0 | H48: =COUNTIFS(Base!$E$5:$E$2004,$B48,Base!$I$5:$I$2004,H$40) -> 0
B49: =TODAY()+8 -> 46311 | C49: =SUM(D49:H49) -> 4 | D49: =COUNTIFS(Base!$E$5:$E$2004,$B49,Base!$I$5:$I$2004,D$40) -> 4 | E49: =COUNTIFS(Base!$E$5:$E$2004,$B49,Base!$I$5:$I$2004,E$40) -> 0 | F49: =COUNTIFS(Base!$E$5:$E$2004,$B49,Base!$I$5:$I$2004,F$40) -> 0 | G49: =COUNTIFS(Base!$E$5:$E$2004,$B49,Base!$I$5:$I$2004,G$40) -> 0 | H49: =COUNTIFS(Base!$E$5:$E$2004,$B49,Base!$I$5:$I$2004,H$40) -> 0
B50: =TODAY()+9 -> 46312 | C50: =SUM(D50:H50) -> 5 | D50: =COUNTIFS(Base!$E$5:$E$2004,$B50,Base!$I$5:$I$2004,D$40) -> 0 | E50: =COUNTIFS(Base!$E$5:$E$2004,$B50,Base!$I$5:$I$2004,E$40) -> 4 | F50: =COUNTIFS(Base!$E$5:$E$2004,$B50,Base!$I$5:$I$2004,F$40) -> 1 | G50: =COUNTIFS(Base!$E$5:$E$2004,$B50,Base!$I$5:$I$2004,G$40) -> 0 | H50: =COUNTIFS(Base!$E$5:$E$2004,$B50,Base!$I$5:$I$2004,H$40) -> 0
B51: =TODAY()+10 -> 46313 | C51: =SUM(D51:H51) -> 1 | D51: =COUNTIFS(Base!$E$5:$E$2004,$B51,Base!$I$5:$I$2004,D$40) -> 0 | E51: =COUNTIFS(Base!$E$5:$E$2004,$B51,Base!$I$5:$I$2004,E$40) -> 0 | F51: =COUNTIFS(Base!$E$5:$E$2004,$B51,Base!$I$5:$I$2004,F$40) -> 1 | G51: =COUNTIFS(Base!$E$5:$E$2004,$B51,Base!$I$5:$I$2004,G$40) -> 0 | H51: =COUNTIFS(Base!$E$5:$E$2004,$B51,Base!$I$5:$I$2004,H$40) -> 0
B52: =TODAY()+11 -> 46314 | C52: =SUM(D52:H52) -> 3 | D52: =COUNTIFS(Base!$E$5:$E$2004,$B52,Base!$I$5:$I$2004,D$40) -> 1 | E52: =COUNTIFS(Base!$E$5:$E$2004,$B52,Base!$I$5:$I$2004,E$40) -> 0 | F52: =COUNTIFS(Base!$E$5:$E$2004,$B52,Base!$I$5:$I$2004,F$40) -> 2 | G52: =COUNTIFS(Base!$E$5:$E$2004,$B52,Base!$I$5:$I$2004,G$40) -> 0 | H52: =COUNTIFS(Base!$E$5:$E$2004,$B52,Base!$I$5:$I$2004,H$40) -> 0
B53: =TODAY()+12 -> 46315 | C53: =SUM(D53:H53) -> 4 | D53: =COUNTIFS(Base!$E$5:$E$2004,$B53,Base!$I$5:$I$2004,D$40) -> 2 | E53: =COUNTIFS(Base!$E$5:$E$2004,$B53,Base!$I$5:$I$2004,E$40) -> 1 | F53: =COUNTIFS(Base!$E$5:$E$2004,$B53,Base!$I$5:$I$2004,F$40) -> 1 | G53: =COUNTIFS(Base!$E$5:$E$2004,$B53,Base!$I$5:$I$2004,G$40) -> 0 | H53: =COUNTIFS(Base!$E$5:$E$2004,$B53,Base!$I$5:$I$2004,H$40) -> 0
B54: =TODAY()+13 -> 46316 | C54: =SUM(D54:H54) -> 4 | D54: =COUNTIFS(Base!$E$5:$E$2004,$B54,Base!$I$5:$I$2004,D$40) -> 0 | E54: =COUNTIFS(Base!$E$5:$E$2004,$B54,Base!$I$5:$I$2004,E$40) -> 2 | F54: =COUNTIFS(Base!$E$5:$E$2004,$B54,Base!$I$5:$I$2004,F$40) -> 2 | G54: =COUNTIFS(Base!$E$5:$E$2004,$B54,Base!$I$5:$I$2004,G$40) -> 0 | H54: =COUNTIFS(Base!$E$5:$E$2004,$B54,Base!$I$5:$I$2004,H$40) -> 0

Sheet Config
B1: Configurações
B2: Células amarelas podem ser alteradas. Todo o calendário se reorganiza sozinho.
B4: ETAPAS DE REVISÃO · intervalos contados a partir da data da aula
B5: Nº | C5: Etapa | D5: Sigla | E5: Categoria (cor) | F5: Intervalo (dias) | G5: Ativa? | I5: Meses | J5: Dia de descanso | K5: Grandes áreas (editável)
B6: 1 | C6: Aula teórica | D6: T | E6: Teórica | F6: 0 | G6: Sim | I6: Janeiro | J6: Nenhum | K6: Clínica Médica
B7: 2 | C7: 1ª Revisão | D7: R1 | E7: Revisão | F7: 1 | G7: Sim | I7: Fevereiro | J7: Domingo | K7: Cirurgia
B8: 3 | C8: 2ª Revisão | D8: R2 | E8: Prática | F8: 7 | G8: Sim | I8: Março | J8: Segunda | K8: Pediatria
B9: 4 | C9: 3ª Revisão | D9: R3 | E9: Prática | F9: 15 | G9: Sim | I9: Abril | J9: Terça | K9: Ginecologia e Obstetrícia
B10: 5 | C10: 4ª Revisão | D10: R4 | E10: Prática | F10: 30 | G10: Sim | I10: Maio | J10: Quarta | K10: Medicina Preventiva
B11: 6 | C11: 5ª Revisão | D11: R5 | E11: Revisão | F11: 60 | G11: Sim | I11: Junho | J11: Quinta | K11: Outra
I12: Julho | J12: Sexta
B13: CATEGORIAS E CORES · a cor é fixa pela posição da linha | I13: Agosto | J13: Sábado
B14: Nº | C14: Categoria | D14: Código | E14: Sigla (avulsos) | F14: Cor | I14: Setembro
B15: 1 | C15: Teórica | D15: TEO | E15: T | F15: Aula teórica (1º contato com o tema) | I15: Outubro
B16: 2 | C16: Revisão | D16: REV | E16: R | F16: Revisão de resumo / flashcards | I16: Novembro
B17: 3 | C17: Prática | D17: PRA | E17: Q | F17: Bloco de questões do tema | I17: Dezembro
B18: 4 | C18: Simulado | D18: SIM | E18: SIM | F18: Prova / simulado
B19: 5 | C19: Outro | D19: OUT | E19: • | F19: Qualquer outro compromisso
B21: PREFERÊNCIAS
B22: Mostrar sigla da etapa no calendário (T, R1…R5)? | E22: Sim
B23: Dia de descanso (revisão que cair nele vai p/ o dia seguinte) | E23: Nenhum
B24: (auxiliar) nº do dia de descanso — 0 = nenhum | E24: =IFERROR(MATCH($E$23,$J$6:$J$13,0)-1,0) -> 0
B26: ESTRUTURA · não alterar (definida pelo gerador da planilha)
B27: Máx. de temas (linhas da aba Temas) | E27: 300
B28: Nº de etapas por tema | E28: 6
B29: Máx. de eventos avulsos | E29: 200

Sheet Base
A1: Base — motor de cálculo (não editar)
A2: Transforma cada tema em 6 eventos (aula + revisões) e junta os avulsos. Calendário, Semana, Tabela e Painel leem daqui. Não ordene nem edite.
A4: Nº | B4: Origem | C4: Linha | D4: Etapa | E4: Data | F4: Tema / título | G4: Etapa (nome) | H4: Sigla | I4: Categoria | J4: Grande Área | K4: Feito | L4: Status | M4: Rótulo no calendário | N4: Cor | O4: Seq. | P4: Chave dia | Q4: Chave atraso
A5: =ROW()-4 -> 1 | B5: =IF(A5<=Config!$E$27*Config!$E$28,"Tema","Avulso") -> Tema | C5: =IF(B5="Tema",INT((A5-1)/Config!$E$28)+1,A5-Config!$E$27*Config!$E$28) -> 1 | D5: =IF(B5="Tema",MOD(A5-1,Config!$E$28)+1,"") -> 1 | E5: =IF($B5="Tema",IF(ISNUMBER(INDEX(Temas!$E$6:$P$305,$C5,2*$D5-1)),INDEX(Temas!$E$6:$P$305,$C5,2*$D5-1),""),IF(ISNUMBER(INDEX(Avulsos!$B$6:$B$205,$C5)),INDEX(Avulsos!$B$6:$B$205,$C5),"")) -> 46292 | F5: =IF($E5="","",IF($B5="Tema",INDEX(Temas!$B$6:$B$305,$C5)&"",INDEX(Avulsos!$C$6:$C$205,$C5)&"")) -> Cardiopediatria | G5: =IF($E5="","",IF($B5="Tema",INDEX(Config!$C$6:$C$11,$D5),"Evento avulso")) -> Aula teórica | H5: =IF($E5="","",IF($B5="Tema",INDEX(Config!$D$6:$D$11,$D5),IFERROR(INDEX(Config!$E$15:$E$19,MATCH($I5,Config!$C$15:$C$19,0)),"•"))) -> T | I5: =IF($E5="","",IF($B5="Tema",INDEX(Config!$E$6:$E$11,$D5),IF(INDEX(Avulsos!$D$6:$D$205,$C5)&""="","Outro",INDEX(Avulsos!$D$6:$D$205,$C5)))) -> Teórica | J5: =IF($E5="","",IF($B5="Tema",INDEX(Temas!$C$6:$C$305,$C5)&"",INDEX(Avulsos!$E$6:$E$205,$C5)&"")) -> Pediatria | K5: =IF($E5="","",IF(IF($B5="Tema",INDEX(Temas!$E$6:$P$305,$C5,2*$D5),INDEX(Avulsos!$F$6:$F$205,$C5))&""="","","✓")) -> ✓ | L5: =IF($E5="","",IF($K5="✓","Concluído",IF($E5<TODAY(),"Atrasado",IF($E5=TODAY(),"Hoje","Pendente")))) -> Concluído | M5: =IF($E5="","",IF($K5="✓","✓ ","")&IF(Config!$E$22="Sim",$H5&" · ","")&$F5) -> ✓ T · Cardiopediatria | N5: =IF($E5="","",IFERROR(INDEX(Config!$D$15:$D$19,MATCH($I5,Config!$C$15:$C$19,0)),"OUT")&IF($K5="✓","x","")) -> TEOx | O5: =IF($E5="","",COUNTIF($E$5:$E5,$E5)) -> 1 | P5: =IF($E5="","",$E5*100+$O5) -> 4629201 | Q5: =IF($L5="Atrasado",$E5*10000+$A5,"")
A6: =ROW()-4 -> 2 | B6: =IF(A6<=Config!$E$27*Config!$E$28,"Tema","Avulso") -> Tema | C6: =IF(B6="Tema",INT((A6-1)/Config!$E$28)+1,A6-Config!$E$27*Config!$E$28) -> 1 | D6: =IF(B6="Tema",MOD(A6-1,Config!$E$28)+1,"") -> 2 | E6: =IF($B6="Tema",IF(ISNUMBER(INDEX(Temas!$E$6:$P$305,$C6,2*$D6-1)),INDEX(Temas!$E$6:$P$305,$C6,2*$D6-1),""),IF(ISNUMBER(INDEX(Avulsos!$B$6:$B$205,$C6)),INDEX(Avulsos!$B$6:$B$205,$C6),"")) -> 46293 | F6: =IF($E6="","",IF($B6="Tema",INDEX(Temas!$B$6:$B$305,$C6)&"",INDEX(Avulsos!$C$6:$C$205,$C6)&"")) -> Cardiopediatria | G6: =IF($E6="","",IF($B6="Tema",INDEX(Config!$C$6:$C$11,$D6),"Evento avulso")) -> 1ª Revisão | H6: =IF($E6="","",IF($B6="Tema",INDEX(Config!$D$6:$D$11,$D6),IFERROR(INDEX(Config!$E$15:$E$19,MATCH($I6,Config!$C$15:$C$19,0)),"•"))) -> R1 | I6: =IF($E6="","",IF($B6="Tema",INDEX(Config!$E$6:$E$11,$D6),IF(INDEX(Avulsos!$D$6:$D$205,$C6)&""="","Outro",INDEX(Avulsos!$D$6:$D$205,$C6)))) -> Revisão | J6: =IF($E6="","",IF($B6="Tema",INDEX(Temas!$C$6:$C$305,$C6)&"",INDEX(Avulsos!$E$6:$E$205,$C6)&"")) -> Pediatria | K6: =IF($E6="","",IF(IF($B6="Tema",INDEX(Temas!$E$6:$P$305,$C6,2*$D6),INDEX(Avulsos!$F$6:$F$205,$C6))&""="","","✓")) -> ✓ | L6: =IF($E6="","",IF($K6="✓","Concluído",IF($E6<TODAY(),"Atrasado",IF($E6=TODAY(),"Hoje","Pendente")))) -> Concluído | M6: =IF($E6="","",IF($K6="✓","✓ ","")&IF(Config!$E$22="Sim",$H6&" · ","")&$F6) -> ✓ R1 · Cardiopediatria | N6: =IF($E6="","",IFERROR(INDEX(Config!$D$15:$D$19,MATCH($I6,Config!$C$15:$C$19,0)),"OUT")&IF($K6="✓","x","")) -> REVx | O6: =IF($E6="","",COUNTIF($E$5:$E6,$E6)) -> 1 | P6: =IF($E6="","",$E6*100+$O6) -> 4629301 | Q6: =IF($L6="Atrasado",$E6*10000+$A6,"")
A7: =ROW()-4 -> 3 | B7: =IF(A7<=Config!$E$27*Config!$E$28,"Tema","Avulso") -> Tema | C7: =IF(B7="Tema",INT((A7-1)/Config!$E$28)+1,A7-Config!$E$27*Config!$E$28) -> 1 | D7: =IF(B7="Tema",MOD(A7-1,Config!$E$28)+1,"") -> 3 | E7: =IF($B7="Tema",IF(ISNUMBER(INDEX(Temas!$E$6:$P$305,$C7,2*$D7-1)),INDEX(Temas!$E$6:$P$305,$C7,2*$D7-1),""),IF(ISNUMBER(INDEX(Avulsos!$B$6:$B$205,$C7)),INDEX(Avulsos!$B$6:$B$205,$C7),"")) -> 46299 | F7: =IF($E7="","",IF($B7="Tema",INDEX(Temas!$B$6:$B$305,$C7)&"",INDEX(Avulsos!$C$6:$C$205,$C7)&"")) -> Cardiopediatria | G7: =IF($E7="","",IF($B7="Tema",INDEX(Config!$C$6:$C$11,$D7),"Evento avulso")) -> 2ª Revisão | H7: =IF($E7="","",IF($B7="Tema",INDEX(Config!$D$6:$D$11,$D7),IFERROR(INDEX(Config!$E$15:$E$19,MATCH($I7,Config!$C$15:$C$19,0)),"•"))) -> R2 | I7: =IF($E7="","",IF($B7="Tema",INDEX(Config!$E$6:$E$11,$D7),IF(INDEX(Avulsos!$D$6:$D$205,$C7)&""="","Outro",INDEX(Avulsos!$D$6:$D$205,$C7)))) -> Prática | J7: =IF($E7="","",IF($B7="Tema",INDEX(Temas!$C$6:$C$305,$C7)&"",INDEX(Avulsos!$E$6:$E$205,$C7)&"")) -> Pediatria | K7: =IF($E7="","",IF(IF($B7="Tema",INDEX(Temas!$E$6:$P$305,$C7,2*$D7),INDEX(Avulsos!$F$6:$F$205,$C7))&""="","","✓")) | L7: =IF($E7="","",IF($K7="✓","Concluído",IF($E7<TODAY(),"Atrasado",IF($E7=TODAY(),"Hoje","Pendente")))) -> Atrasado | M7: =IF($E7="","",IF($K7="✓","✓ ","")&IF(Config!$E$22="Sim",$H7&" · ","")&$F7) -> R2 · Cardiopediatria | N7: =IF($E7="","",IFERROR(INDEX(Config!$D$15:$D$19,MATCH($I7,Config!$C$15:$C$19,0)),"OUT")&IF($K7="✓","x","")) -> PRA | O7: =IF($E7="","",COUNTIF($E$5:$E7,$E7)) -> 1 | P7: =IF($E7="","",$E7*100+$O7) -> 4629901 | Q7: =IF($L7="Atrasado",$E7*10000+$A7,"") -> 462990003
A8: =ROW()-4 -> 4 | B8: =IF(A8<=Config!$E$27*Config!$E$28,"Tema","Avulso") -> Tema | C8: =IF(B8="Tema",INT((A8-1)/Config!$E$28)+1,A8-Config!$E$27*Config!$E$28) -> 1 | D8: =IF(B8="Tema",MOD(A8-1,Config!$E$28)+1,"") -> 4 | E8: =IF($B8="Tema",IF(ISNUMBER(INDEX(Temas!$E$6:$P$305,$C8,2*$D8-1)),INDEX(Temas!$E$6:$P$305,$C8,2*$D8-1),""),IF(ISNUMBER(INDEX(Avulsos!$B$6:$B$205,$C8)),INDEX(Avulsos!$B$6:$B$205,$C8),"")) -> 46307 | F8: =IF($E8="","",IF($B8="Tema",INDEX(Temas!$B$6:$B$305,$C8)&"",INDEX(Avulsos!$C$6:$C$205,$C8)&"")) -> Cardiopediatria | G8: =IF($E8="","",IF($B8="Tema",INDEX(Config!$C$6:$C$11,$D8),"Evento avulso")) -> 3ª Revisão | H8: =IF($E8="","",IF($B8="Tema",INDEX(Config!$D$6:$D$11,$D8),IFERROR(INDEX(Config!$E$15:$E$19,MATCH($I8,Config!$C$15:$C$19,0)),"•"))) -> R3 | I8: =IF($E8="","",IF($B8="Tema",INDEX(Config!$E$6:$E$11,$D8),IF(INDEX(Avulsos!$D$6:$D$205,$C8)&""="","Outro",INDEX(Avulsos!$D$6:$D$205,$C8)))) -> Prática | J8: =IF($E8="","",IF($B8="Tema",INDEX(Temas!$C$6:$C$305,$C8)&"",INDEX(Avulsos!$E$6:$E$205,$C8)&"")) -> Pediatria | K8: =IF($E8="","",IF(IF($B8="Tema",INDEX(Temas!$E$6:$P$305,$C8,2*$D8),INDEX(Avulsos!$F$6:$F$205,$C8))&""="","","✓")) | L8: =IF($E8="","",IF($K8="✓","Concluído",IF($E8<TODAY(),"Atrasado",IF($E8=TODAY(),"Hoje","Pendente")))) -> Pendente | M8: =IF($E8="","",IF($K8="✓","✓ ","")&IF(Config!$E$22="Sim",$H8&" · ","")&$F8) -> R3 · Cardiopediatria | N8: =IF($E8="","",IFERROR(INDEX(Config!$D$15:$D$19,MATCH($I8,Config!$C$15:$C$19,0)),"OUT")&IF($K8="✓","x","")) -> PRA | O8: =IF($E8="","",COUNTIF($E$5:$E8,$E8)) -> 1 | P8: =IF($E8="","",$E8*100+$O8) -> 4630701 | Q8: =IF($L8="Atrasado",$E8*10000+$A8,"")
A9: =ROW()-4 -> 5 | B9: =IF(A9<=Config!$E$27*Config!$E$28,"Tema","Avulso") -> Tema | C9: =IF(B9="Tema",INT((A9-1)/Config!$E$28)+1,A9-Config!$E$27*Config!$E$28) -> 1 | D9: =IF(B9="Tema",MOD(A9-1,Config!$E$28)+1,"") -> 5 | E9: =IF($B9="Tema",IF(ISNUMBER(INDEX(Temas!$E$6:$P$305,$C9,2*$D9-1)),INDEX(Temas!$E$6:$P$305,$C9,2*$D9-1),""),IF(ISNUMBER(INDEX(Avulsos!$B$6:$B$205,$C9)),INDEX(Avulsos!$B$6:$B$205,$C9),"")) -> 46322 | F9: =IF($E9="","",IF($B9="Tema",INDEX(Temas!$B$6:$B$305,$C9)&"",INDEX(Avulsos!$C$6:$C$205,$C9)&"")) -> Cardiopediatria | G9: =IF($E9="","",IF($B9="Tema",INDEX(Config!$C$6:$C$11,$D9),"Evento avulso")) -> 4ª Revisão | H9: =IF($E9="","",IF($B9="Tema",INDEX(Config!$D$6:$D$11,$D9),IFERROR(INDEX(Config!$E$15:$E$19,MATCH($I9,Config!$C$15:$C$19,0)),"•"))) -> R4 | I9: =IF($E9="","",IF($B9="Tema",INDEX(Config!$E$6:$E$11,$D9),IF(INDEX(Avulsos!$D$6:$D$205,$C9)&""="","Outro",INDEX(Avulsos!$D$6:$D$205,$C9)))) -> Prática | J9: =IF($E9="","",IF($B9="Tema",INDEX(Temas!$C$6:$C$305,$C9)&"",INDEX(Avulsos!$E$6:$E$205,$C9)&"")) -> Pediatria | K9: =IF($E9="","",IF(IF($B9="Tema",INDEX(Temas!$E$6:$P$305,$C9,2*$D9),INDEX(Avulsos!$F$6:$F$205,$C9))&""="","","✓")) | L9: =IF($E9="","",IF($K9="✓","Concluído",IF($E9<TODAY(),"Atrasado",IF($E9=TODAY(),"Hoje","Pendente")))) -> Pendente | M9: =IF($E9="","",IF($K9="✓","✓ ","")&IF(Config!$E$22="Sim",$H9&" · ","")&$F9) -> R4 · Cardiopediatria | N9: =IF($E9="","",IFERROR(INDEX(Config!$D$15:$D$19,MATCH($I9,Config!$C$15:$C$19,0)),"OUT")&IF($K9="✓","x","")) -> PRA | O9: =IF($E9="","",COUNTIF($E$5:$E9,$E9)) -> 1 | P9: =IF($E9="","",$E9*100+$O9) -> 4632201 | Q9: =IF($L9="Atrasado",$E9*10000+$A9,"")
A10: =ROW()-4 -> 6 | B10: =IF(A10<=Config!$E$27*Config!$E$28,"Tema","Avulso") -> Tema | C10: =IF(B10="Tema",INT((A10-1)/Config!$E$28)+1,A10-Config!$E$27*Config!$E$28) -> 1 | D10: =IF(B10="Tema",MOD(A10-1,Config!$E$28)+1,"") -> 6 | E10: =IF($B10="Tema",IF(ISNUMBER(INDEX(Temas!$E$6:$P$305,$C10,2*$D10-1)),INDEX(Temas!$E$6:$P$305,$C10,2*$D10-1),""),IF(ISNUMBER(INDEX(Avulsos!$B$6:$B$205,$C10)),INDEX(Avulsos!$B$6:$B$205,$C10),"")) -> 46352 | F10: =IF($E10="","",IF($B10="Tema",INDEX(Temas!$B$6:$B$305,$C10)&"",INDEX(Avulsos!$C$6:$C$205,$C10)&"")) -> Cardiopediatria | G10: =IF($E10="","",IF($B10="Tema",INDEX(Config!$C$6:$C$11,$D10),"Evento avulso")) -> 5ª Revisão | H10: =IF($E10="","",IF($B10="Tema",INDEX(Config!$D$6:$D$11,$D10),IFERROR(INDEX(Config!$E$15:$E$19,MATCH($I10,Config!$C$15:$C$19,0)),"•"))) -> R5 | I10: =IF($E10="","",IF($B10="Tema",INDEX(Config!$E$6:$E$11,$D10),IF(INDEX(Avulsos!$D$6:$D$205,$C10)&""="","Outro",INDEX(Avulsos!$D$6:$D$205,$C10)))) -> Revisão | J10: =IF($E10="","",IF($B10="Tema",INDEX(Temas!$C$6:$C$305,$C10)&"",INDEX(Avulsos!$E$6:$E$205,$C10)&"")) -> Pediatria | K10: =IF($E10="","",IF(IF($B10="Tema",INDEX(Temas!$E$6:$P$305,$C10,2*$D10),INDEX(Avulsos!$F$6:$F$205,$C10))&""="","","✓")) | L10: =IF($E10="","",IF($K10="✓","Concluído",IF($E10<TODAY(),"Atrasado",IF($E10=TODAY(),"Hoje","Pendente")))) -> Pendente | M10: =IF($E10="","",IF($K10="✓","✓ ","")&IF(Config!$E$22="Sim",$H10&" · ","")&$F10) -> R5 · Cardiopediatria | N10: =IF($E10="","",IFERROR(INDEX(Config!$D$15:$D$19,MATCH($I10,Config!$C$15:$C$19,0)),"OUT")&IF($K10="✓","x","")) -> REV | O10: =IF($E10="","",COUNTIF($E$5:$E10,$E10)) -> 1 | P10: =IF($E10="","",$E10*100+$O10) -> 4635201 | Q10: =IF($L10="Atrasado",$E10*10000+$A10,"")
A11: =ROW()-4 -> 7 | B11: =IF(A11<=Config!$E$27*Config!$E$28,"Tema","Avulso") -> Tema | C11: =IF(B11="Tema",INT((A11-1)/Config!$E$28)+1,A11-Config!$E$27*Config!$E$28) -> 2 | D11: =IF(B11="Tema",MOD(A11-1,Config!$E$28)+1,"") -> 1 | E11: =IF($B11="Tema",IF(ISNUMBER(INDEX(Temas!$E$6:$P$305,$C11,2*$D11-1)),INDEX(Temas!$E$6:$P$305,$C11,2*$D11-1),""),IF(ISNUMBER(INDEX(Avulsos!$B$6:$B$205,$C11)),INDEX(Avulsos!$B$6:$B$205,$C11),"")) -> 46292 | F11: =IF($E11="","",IF($B11="Tema",INDEX(Temas!$B$6:$B$305,$C11)&"",INDEX(Avulsos!$C$6:$C$205,$C11)&"")) -> Nefrologia Pediátrica / ITU | G11: =IF($E11="","",IF($B11="Tema",INDEX(Config!$C$6:$C$11,$D11),"Evento avulso")) -> Aula teórica | H11: =IF($E11="","",IF($B11="Tema",INDEX(Config!$D$6:$D$11,$D11),IFERROR(INDEX(Config!$E$15:$E$19,MATCH($I11,Config!$C$15:$C$19,0)),"•"))) -> T | I11: =IF($E11="","",IF($B11="Tema",INDEX(Config!$E$6:$E$11,$D11),IF(INDEX(Avulsos!$D$6:$D$205,$C11)&""="","Outro",INDEX(Avulsos!$D$6:$D$205,$C11)))) -> Teórica | J11: =IF($E11="","",IF($B11="Tema",INDEX(Temas!$C$6:$C$305,$C11)&"",INDEX(Avulsos!$E$6:$E$205,$C11)&"")) -> Pediatria | K11: =IF($E11="","",IF(IF($B11="Tema",INDEX(Temas!$E$6:$P$305,$C11,2*$D11),INDEX(Avulsos!$F$6:$F$205,$C11))&""="","","✓")) -> ✓ | L11: =IF($E11="","",IF($K11="✓","Concluído",IF($E11<TODAY(),"Atrasado",IF($E11=TODAY(),"Hoje","Pendente")))) -> Concluído | M11: =IF($E11="","",IF($K11="✓","✓ ","")&IF(Config!$E$22="Sim",$H11&" · ","")&$F11) -> ✓ T · Nefrologia Pediátrica / ITU | N11: =IF($E11="","",IFERROR(INDEX(Config!$D$15:$D$19,MATCH($I11,Config!$C$15:$C$19,0)),"OUT")&IF($K11="✓","x","")) -> TEOx | O11: =IF($E11="","",COUNTIF($E$5:$E11,$E11)) -> 2 | P11: =IF($E11="","",$E11*100+$O11) -> 4629202 | Q11: =IF($L11="Atrasado",$E11*10000+$A11,"")
A12: =ROW()-4 -> 8 | B12: =IF(A12<=Config!$E$27*Config!$E$28,"Tema","Avulso") -> Tema | C12: =IF(B12="Tema",INT((A12-1)/Config!$E$28)+1,A12-Config!$E$27*Config!$E$28) -> 2 | D12: =IF(B12="Tema",MOD(A12-1,Config!$E$28)+1,"") -> 2 | E12: =IF($B12="Tema",IF(ISNUMBER(INDEX(Temas!$E$6:$P$305,$C12,2*$D12-1)),INDEX(Temas!$E$6:$P$305,$C12,2*$D12-1),""),IF(ISNUMBER(INDEX(Avulsos!$B$6:$B$205,$C12)),INDEX(Avulsos!$B$6:$B$205,$C12),"")) -> 46293 | F12: =IF($E12="","",IF($B12="Tema",INDEX(Temas!$B$6:$B$305,$C12)&"",INDEX(Avulsos!$C$6:$C$205,$C12)&"")) -> Nefrologia Pediátrica / ITU | G12: =IF($E12="","",IF($B12="Tema",INDEX(Config!$C$6:$C$11,$D12),"Evento avulso")) -> 1ª Revisão | H12: =IF($E12="","",IF($B12="Tema",INDEX(Config!$D$6:$D$11,$D12),IFERROR(INDEX(Config!$E$15:$E$19,MATCH($I12,Config!$C$15:$C$19,0)),"•"))) -> R1 | I12: =IF($E12="","",IF($B12="Tema",INDEX(Config!$E$6:$E$11,$D12),IF(INDEX(Avulsos!$D$6:$D$205,$C12)&""="","Outro",INDEX(Avulsos!$D$6:$D$205,$C12)))) -> Revisão | J12: =IF($E12="","",IF($B12="Tema",INDEX(Temas!$C$6:$C$305,$C12)&"",INDEX(Avulsos!$E$6:$E$205,$C12)&"")) -> Pediatria | K12: =IF($E12="","",IF(IF($B12="Tema",INDEX(Temas!$E$6:$P$305,$C12,2*$D12),INDEX(Avulsos!$F$6:$F$205,$C12))&""="","","✓")) -> ✓ | L12: =IF($E12="","",IF($K12="✓","Concluído",IF($E12<TODAY(),"Atrasado",IF($E12=TODAY(),"Hoje","Pendente")))) -> Concluído | M12: =IF($E12="","",IF($K12="✓","✓ ","")&IF(Config!$E$22="Sim",$H12&" · ","")&$F12) -> ✓ R1 · Nefrologia Pediátrica / ITU | N12: =IF($E12="","",IFERROR(INDEX(Config!$D$15:$D$19,MATCH($I12,Config!$C$15:$C$19,0)),"OUT")&IF($K12="✓","x","")) -> REVx | O12: =IF($E12="","",COUNTIF($E$5:$E12,$E12)) -> 2 | P12: =IF($E12="","",$E12*100+$O12) -> 4629302 | Q12: =IF($L12="Atrasado",$E12*10000+$A12,"")
A13: =ROW()-4 -> 9 | B13: =IF(A13<=Config!$E$27*Config!$E$28,"Tema","Avulso") -> Tema | C13: =IF(B13="Tema",INT((A13-1)/Config!$E$28)+1,A13-Config!$E$27*Config!$E$28) -> 2 | D13: =IF(B13="Tema",MOD(A13-1,Config!$E$28)+1,"") -> 3 | E13: =IF($B13="Tema",IF(ISNUMBER(INDEX(Temas!$E$6:$P$305,$C13,2*$D13-1)),INDEX(Temas!$E$6:$P$305,$C13,2*$D13-1),""),IF(ISNUMBER(INDEX(Avulsos!$B$6:$B$205,$C13)),INDEX(Avulsos!$B$6:$B$205,$C13),"")) -> 46299 | F13: =IF($E13="","",IF($B13="Tema",INDEX(Temas!$B$6:$B$305,$C13)&"",INDEX(Avulsos!$C$6:$C$205,$C13)&"")) -> Nefrologia Pediátrica / ITU | G13: =IF($E13="","",IF($B13="Tema",INDEX(Config!$C$6:$C$11,$D13),"Evento avulso")) -> 2ª Revisão | H13: =IF($E13="","",IF($B13="Tema",INDEX(Config!$D$6:$D$11,$D13),IFERROR(INDEX(Config!$E$15:$E$19,MATCH($I13,Config!$C$15:$C$19,0)),"•"))) -> R2 | I13: =IF($E13="","",IF($B13="Tema",INDEX(Config!$E$6:$E$11,$D13),IF(INDEX(Avulsos!$D$6:$D$205,$C13)&""="","Outro",INDEX(Avulsos!$D$6:$D$205,$C13)))) -> Prática | J13: =IF($E13="","",IF($B13="Tema",INDEX(Temas!$C$6:$C$305,$C13)&"",INDEX(Avulsos!$E$6:$E$205,$C13)&"")) -> Pediatria | K13: =IF($E13="","",IF(IF($B13="Tema",INDEX(Temas!$E$6:$P$305,$C13,2*$D13),INDEX(Avulsos!$F$6:$F$205,$C13))&""="","","✓")) | L13: =IF($E13="","",IF($K13="✓","Concluído",IF($E13<TODAY(),"Atrasado",IF($E13=TODAY(),"Hoje","Pendente")))) -> Atrasado | M13: =IF($E13="","",IF($K13="✓","✓ ","")&IF(Config!$E$22="Sim",$H13&" · ","")&$F13) -> R2 · Nefrologia Pediátrica / ITU | N13: =IF($E13="","",IFERROR(INDEX(Config!$D$15:$D$19,MATCH($I13,Config!$C$15:$C$19,0)),"OUT")&IF($K13="✓","x","")) -> PRA | O13: =IF($E13="","",COUNTIF($E$5:$E13,$E13)) -> 2 | P13: =IF($E13="","",$E13*100+$O13) -> 4629902 | Q13: =IF($L13="Atrasado",$E13*10000+$A13,"") -> 462990009
A14: =ROW()-4 -> 10 | B14: =IF(A14<=Config!$E$27*Config!$E$28,"Tema","Avulso") -> Tema | C14: =IF(B14="Tema",INT((A14-1)/Config!$E$28)+1,A14-Config!$E$27*Config!$E$28) -> 2 | D14: =IF(B14="Tema",MOD(A14-1,Config!$E$28)+1,"") -> 4 | E14: =IF($B14="Tema",IF(ISNUMBER(INDEX(Temas!$E$6:$P$305,$C14,2*$D14-1)),INDEX(Temas!$E$6:$P$305,$C14,2*$D14-1),""),IF(ISNUMBER(INDEX(Avulsos!$B$6:$B$205,$C14)),INDEX(Avulsos!$B$6:$B$205,$C14),"")) -> 46307 | F14: =IF($E14="","",IF($B14="Tema",INDEX(Temas!$B$6:$B$305,$C14)&"",INDEX(Avulsos!$C$6:$C$205,$C14)&"")) -> Nefrologia Pediátrica / ITU | G14: =IF($E14="","",IF($B14="Tema",INDEX(Config!$C$6:$C$11,$D14),"Evento avulso")) -> 3ª Revisão | H14: =IF($E14="","",IF($B14="Tema",INDEX(Config!$D$6:$D$11,$D14),IFERROR(INDEX(Config!$E$15:$E$19,MATCH($I14,Config!$C$15:$C$19,0)),"•"))) -> R3 | I14: =IF($E14="","",IF($B14="Tema",INDEX(Config!$E$6:$E$11,$D14),IF(INDEX(Avulsos!$D$6:$D$205,$C14)&""="","Outro",INDEX(Avulsos!$D$6:$D$205,$C14)))) -> Prática | J14: =IF($E14="","",IF($B14="Tema",INDEX(Temas!$C$6:$C$305,$C14)&"",INDEX(Avulsos!$E$6:$E$205,$C14)&"")) -> Pediatria | K14: =IF($E14="","",IF(IF($B14="Tema",INDEX(Temas!$E$6:$P$305,$C14,2*$D14),INDEX(Avulsos!$F$6:$F$205,$C14))&""="","","✓")) | L14: =IF($E14="","",IF($K14="✓","Concluído",IF($E14<TODAY(),"Atrasado",IF($E14=TODAY(),"Hoje","Pendente")))) -> Pendente | M14: =IF($E14="","",IF($K14="✓","✓ ","")&IF(Config!$E$22="Sim",$H14&" · ","")&$F14) -> R3 · Nefrologia Pediátrica / ITU | N14: =IF($E14="","",IFERROR(INDEX(Config!$D$15:$D$19,MATCH($I14,Config!$C$15:$C$19,0)),"OUT")&IF($K14="✓","x","")) -> PRA | O14: =IF($E14="","",COUNTIF($E$5:$E14,$E14)) -> 2 | P14: =IF($E14="","",$E14*100+$O14) -> 4630702 | Q14: =IF($L14="Atrasado",$E14*10000+$A14,"")
A15: =ROW()-4 -> 11 | B15: =IF(A15<=Config!$E$27*Config!$E$28,"Tema","Avulso") -> Tema | C15: =IF(B15="Tema",INT((A15-1)/Config!$E$28)+1,A15-Config!$E$27*Config!$E$28) -> 2 | D15: =IF(B15="Tema",MOD(A15-1,Config!$E$28)+1,"") -> 5 | E15: =IF($B15="Tema",IF(ISNUMBER(INDEX(Temas!$E$6:$P$305,$C15,2*$D15-1)),INDEX(Temas!$E$6:$P$305,$C15,2*$D15-1),""),IF(ISNUMBER(INDEX(Avulsos!$B$6:$B$205,$C15)),INDEX(Avulsos!$B$6:$B$205,$C15),"")) -> 46322 | F15: =IF($E15="","",IF($B15="Tema",INDEX(Temas!$B$6:$B$305,$C15)&"",INDEX(Avulsos!$C$6:$C$205,$C15)&"")) -> Nefrologia Pediátrica / ITU | G15: =IF($E15="","",IF($B15="Tema",INDEX(Config!$C$6:$C$11,$D15),"Evento avulso")) -> 4ª Revisão | H15: =IF($E15="","",IF($B15="Tema",INDEX(Config!$D$6:$D$11,$D15),IFERROR(INDEX(Config!$E$15:$E$19,MATCH($I15,Config!$C$15:$C$19,0)),"•"))) -> R4 | I15: =IF($E15="","",IF($B15="Tema",INDEX(Config!$E$6:$E$11,$D15),IF(INDEX(Avulsos!$D$6:$D$205,$C15)&""="","Outro",INDEX(Avulsos!$D$6:$D$205,$C15)))) -> Prática | J15: =IF($E15="","",IF($B15="Tema",INDEX(Temas!$C$6:$C$305,$C15)&"",INDEX(Avulsos!$E$6:$E$205,$C15)&"")) -> Pediatria | K15: =IF($E15="","",IF(IF($B15="Tema",INDEX(Temas!$E$6:$P$305,$C15,2*$D15),INDEX(Avulsos!$F$6:$F$205,$C15))&""="","","✓")) | L15: =IF($E15="","",IF($K15="✓","Concluído",IF($E15<TODAY(),"Atrasado",IF($E15=TODAY(),"Hoje","Pendente")))) -> Pendente | M15: =IF($E15="","",IF($K15="✓","✓ ","")&IF(Config!$E$22="Sim",$H15&" · ","")&$F15) -> R4 · Nefrologia Pediátrica / ITU | N15: =IF($E15="","",IFERROR(INDEX(Config!$D$15:$D$19,MATCH($I15,Config!$C$15:$C$19,0)),"OUT")&IF($K15="✓","x","")) -> PRA | O15: =IF($E15="","",COUNTIF($E$5:$E15,$E15)) -> 2 | P15: =IF($E15="","",$E15*100+$O15) -> 4632202 | Q15: =IF($L15="Atrasado",$E15*10000+$A15,"")
A16: =ROW()-4 -> 12 | B16: =IF(A16<=Config!$E$27*Config!$E$28,"Tema","Avulso") -> Tema | C16: =IF(B16="Tema",INT((A16-1)/Config!$E$28)+1,A16-Config!$E$27*Config!$E$28) -> 2 | D16: =IF(B16="Tema",MOD(A16-1,Config!$E$28)+1,"") -> 6 | E16: =IF($B16="Tema",IF(ISNUMBER(INDEX(Temas!$E$6:$P$305,$C16,2*$D16-1)),INDEX(Temas!$E$6:$P$305,$C16,2*$D16-1),""),IF(ISNUMBER(INDEX(Avulsos!$B$6:$B$205,$C16)),INDEX(Avulsos!$B$6:$B$205,$C16),"")) -> 46352 | F16: =IF($E16="","",IF($B16="Tema",INDEX(Temas!$B$6:$B$305,$C16)&"",INDEX(Avulsos!$C$6:$C$205,$C16)&"")) -> Nefrologia Pediátrica / ITU | G16: =IF($E16="","",IF($B16="Tema",INDEX(Config!$C$6:$C$11,$D16),"Evento avulso")) -> 5ª Revisão | H16: =IF($E16="","",IF($B16="Tema",INDEX(Config!$D$6:$D$11,$D16),IFERROR(INDEX(Config!$E$15:$E$19,MATCH($I16,Config!$C$15:$C$19,0)),"•"))) -> R5 | I16: =IF($E16="","",IF($B16="Tema",INDEX(Config!$E$6:$E$11,$D16),IF(INDEX(Avulsos!$D$6:$D$205,$C16)&""="","Outro",INDEX(Avulsos!$D$6:$D$205,$C16)))) -> Revisão | J16: =IF($E16="","",IF($B16="Tema",INDEX(Temas!$C$6:$C$305,$C16)&"",INDEX(Avulsos!$E$6:$E$205,$C16)&"")) -> Pediatria | K16: =IF($E16="","",IF(IF($B16="Tema",INDEX(Temas!$E$6:$P$305,$C16,2*$D16),INDEX(Avulsos!$F$6:$F$205,$C16))&""="","","✓")) | L16: =IF($E16="","",IF($K16="✓","Concluído",IF($E16<TODAY(),"Atrasado",IF($E16=TODAY(),"Hoje","Pendente")))) -> Pendente | M16: =IF($E16="","",IF($K16="✓","✓ ","")&IF(Config!$E$22="Sim",$H16&" · ","")&$F16) -> R5 · Nefrologia Pediátrica / ITU | N16: =IF($E16="","",IFERROR(INDEX(Config!$D$15:$D$19,MATCH($I16,Config!$C$15:$C$19,0)),"OUT")&IF($K16="✓","x","")) -> REV | O16: =IF($E16="","",COUNTIF($E$5:$E16,$E16)) -> 2 | P16: =IF($E16="","",$E16*100+$O16) -> 4635202 | Q16: =IF($L16="Atrasado",$E16*10000+$A16,"")
... A2004: =ROW()-4 -> 2000 | B2004: =IF(A2004<=Config!$E$27*Config!$E$28,"Tema","Avulso") -> Avulso | C2004: =IF(B2004="Tema",INT((A2004-1)/Config!$E$28)+1,A2004-Config!$E$27*Config!$E$28) -> 200 | D2004: =IF(B2004="Tema",MOD(A2004-1,Config!$E$28)+1,"") | E2004: =IF($B2004="Tema",IF(ISNUMBER(INDEX(Temas!$E$6:$P$305,$C2004,2*$D2004-1)),INDEX(Temas!$E$6:$P$305,$C2004,2*$D2004-1),""),IF(ISNUMBER(INDEX(Avulsos!$B$6:$B$205,$C2004)),INDEX(Avulsos!$B$6:$B$205,$C2004),"")) | F2004: =IF($E2004="","",IF($B2004="Tema",INDEX(Temas!$B$6:$B$305,$C2004)&"",INDEX(Avulsos!$C$6:$C$205,$C2004)&"")) | G2004: =IF($E2004="","",IF($B2004="Tema",INDEX(Config!$C$6:$C$11,$D2004),"Evento avulso")) | H2004: =IF($E2004="","",IF($B2004="Tema",INDEX(Config!$D$6:$D$11,$D2004),IFERROR(INDEX(Config!$E$15:$E$19,MATCH($I2004,Config!$C$15:$C$19,0)),"•"))) | I2004: =IF($E2004="","",IF($B2004="Tema",INDEX(Config!$E$6:$E$11,$D2004),IF(INDEX(Avulsos!$D$6:$D$205,$C2004)&""="","Outro",INDEX(Avulsos!$D$6:$D$205,$C2004)))) | J2004: =IF($E2004="","",IF($B2004="Tema",INDEX(Temas!$C$6:$C$305,$C2004)&"",INDEX(Avulsos!$E$6:$E$205,$C2004)&"")) | K2004: =IF($E2004="","",IF(IF($B2004="Tema",INDEX(Temas!$E$6:$P$305,$C2004,2*$D2004),INDEX(Avulsos!$F$6:$F$205,$C2004))&""="","","✓")) | L2004: =IF($E2004="","",IF($K2004="✓","Concluído",IF($E2004<TODAY(),"Atrasado",IF($E2004=TODAY(),"Hoje","Pendente")))) | M2004: =IF($E2004="","",IF($K2004="✓","✓ ","")&IF(Config!$E$22="Sim",$H2004&" · ","")&$F2004) | N2004: =IF($E2004="","",IFERROR(INDEX(Config!$D$15:$D$19,MATCH($I2004,Config!$C$15:$C$19,0)),"OUT")&IF($K2004="✓","x","")) | O2004: =IF($E2004="","",COUNTIF($E$5:$E2004,$E2004)) | P2004: =IF($E2004="","",$E2004*100+$O2004) | Q2004: =IF($L2004="Atrasado",$E2004*10000+$A2004,"")
